feature,state_value,clean_center,clean_scale,state_center,state_q05,state_q95,median_shift_vs_clean,median_shift_vs_clean_robust_zish
sensor_00,abnormal,2.4614580000000004,0.05542700099999934,1.093982,0.0005902778999999701,2.3208737,-1.3674760000000004,24.671657771994855
sensor_00,normal_clean,2.4614580000000004,0.05542700099999934,2.4614580000000004,2.392593,2.512616,0.0,0.0
sensor_00,normal_contaminated,2.4614580000000004,0.05542700099999934,2.455556,1.96956,2.5076970000000003,-0.005902000000000296,0.10648239835311253
sensor_00,normal_suspect,2.4614580000000004,0.05542700099999934,2.449653,0.7821180999999999,2.504745,-0.011805000000000287,0.21298283845450033
sensor_00,recovery,2.4614580000000004,0.05542700099999934,0.0019675929999999,0.0019675926305353,0.3037963399999992,-2.4594904070000005,44.373506822063675
sensor_01,abnormal,48.3941,2.059168314000005,45.8333320617676,40.894095,51.584199,-2.5607679382324022,1.2435933094065645
sensor_01,normal_clean,48.3941,2.059168314000005,48.3941,44.314240000000005,51.8663177490234,0.0,0.0
sensor_01,normal_contaminated,48.3941,2.059168314000005,47.3524284362793,44.87847,49.7395820617676,-1.0416715637207048,0.5058700430841527
sensor_01,normal_suspect,48.3941,2.059168314000005,48.4375,44.66146,51.736110687255895,0.04339999999999833,0.02107647039094747
sensor_01,recovery,48.3941,2.059168314000005,38.67188,33.029514312744105,47.30902,-9.72222,4.721430460006571
sensor_02,abnormal,51.73611,1.608724782000013,52.73437,45.967878,52.96875,0.9982600000000019,0.6205287636328548
sensor_02,normal_clean,51.73611,1.608724782000013,51.73611,49.1319427490234,54.25346999999999,0.0,0.0
sensor_02,normal_contaminated,51.73611,1.608724782000013,52.17014,49.52257,54.42708,0.434030000000007,0.2697975470113716
sensor_02,normal_suspect,51.73611,1.608724782000013,51.6493,46.09375,53.77604,-0.08680999999999983,0.05396199584373602
sensor_02,recovery,51.73611,1.608724782000013,38.715274810791,33.7239570617676,50.0,-13.020835189208995,8.093886123281521
sensor_03,abnormal,44.357635498046896,1.6087181074043257,43.402774810790994,40.568574905395494,44.913193,-0.954860687255902,0.5935537636215049
sensor_03,normal_clean,44.357635498046896,1.6087181074043257,44.357635498046896,41.4930534362793,46.61458,0.0,0.0
sensor_03,normal_contaminated,44.357635498046896,1.6087181074043257,44.574649810790994,41.53646,46.875,0.217014312744098,0.13489890599556414
sensor_03,normal_suspect,44.357635498046896,1.6087181074043257,44.2274284362793,39.3663177490234,46.51041399999993,-0.13020706176759944,0.0809383950912874
sensor_03,recovery,44.357635498046896,1.6087181074043257,37.717014312744105,32.8125,43.92361,-6.640621185302791,4.127896089898226
sensor_04,abnormal,634.375,6.692331884765625,206.038757324219,200.49160308837887,578.5069599999999,-428.336242675781,64.0040347746116
sensor_04,normal_clean,634.375,6.692331884765625,634.375,619.907409667969,645.3704,0.0,0.0
sensor_04,normal_contaminated,634.375,6.692331884765625,630.2083,563.6574,640.9664150000001,-4.166699999999992,0.6226080941211295
sensor_04,normal_suspect,634.375,6.692331884765625,629.9768,391.22106170654297,642.476806640625,-4.398199999999974,0.6571999230958651
sensor_04,recovery,634.375,6.692331884765625,3.56770825386047,3.02951383590698,272.008101940155,-630.8072917461395,94.25822009546548
sensor_05,abnormal,75.19627,7.460724893999999,60.30106,0.42039300000000007,70.954754,-14.895209999999999,1.996482943899848
sensor_05,normal_clean,75.19627,7.460724893999999,75.19627,63.4912,88.37429499999999,0.0,0.0
sensor_05,normal_contaminated,75.19627,7.460724893999999,76.30651499999999,64.97878349999999,90.52528550000001,1.110244999999992,0.1488119473340806
sensor_05,normal_suspect,75.19627,7.460724893999999,77.23415,45.927766000000005,90.839822,2.0378800000000012,0.2731477207581917
sensor_05,recovery,75.19627,7.460724893999999,0.0,0.0,99.9998779296875,-75.19627,10.078949575057205
sensor_06,abnormal,14.03356,0.804369804000001,12.30469,0.9859663292915941,14.148579,-1.7288699999999988,2.149347217414935
sensor_06,normal_clean,14.03356,0.804369804000001,14.03356,13.12211,15.11863,0.0,0.0
sensor_06,normal_contaminated,14.03356,0.804369804000001,13.35359,12.62297,14.098670000000002,-0.6799699999999991,0.8453450099924416
sensor_06,normal_suspect,14.03356,0.804369804000001,13.43316,10.581598000000001,15.0897,-0.6003999999999987,0.7464228480660345
sensor_06,recovery,14.03356,0.804369804000001,6.553819,0.0144675923511386,12.62297,-7.479741,9.298883377775319
sensor_07,abnormal,16.16753,0.3860986919999998,15.91435,4.5717582860000014,16.806277,-0.25317999999999863,0.6557390771994606
sensor_07,normal_clean,16.16753,0.3860986919999998,16.16753,15.625,16.75347,0.0,0.0
sensor_07,normal_contaminated,16.16753,0.3860986919999998,16.13136,15.54543,16.6522,-0.03616999999999848,0.09368071104472558
sensor_07,normal_suspect,16.16753,0.3860986919999998,16.16753,13.90336,16.70284,0.0,0.0
sensor_07,recovery,16.16753,0.3860986919999998,11.34983,0.0361689813435078,17.66493,-4.8176999999999985,12.477897749521516
sensor_08,abnormal,15.56713,0.3646454699999982,15.18374,4.280959286000002,16.591434,-0.38339000000000034,1.0514048069759436
sensor_08,normal_clean,15.56713,0.3646454699999982,15.56713,14.96672,16.2037,0.0,0.0
sensor_08,normal_contaminated,15.56713,0.3646454699999982,15.29224,14.879920000000002,15.95052,-0.27489000000000097,0.7538555188962098
sensor_08,normal_suspect,15.56713,0.3646454699999982,15.45139,13.896120000000002,15.94329,-0.11574000000000062,0.3174041898833988
sensor_08,recovery,15.56713,0.3646454699999982,11.14005,0.0289351847022772,21.12268,-4.42708,12.140778822783735
sensor_09,abnormal,15.08247,0.053610815999998306,15.05353,4.165220657322899,15.452831,-0.02894000000000041,0.5398164430103307
sensor_09,normal_clean,15.08247,0.053610815999998306,15.08247,14.82205,15.632229999999998,0.0,0.0
sensor_09,normal_contaminated,15.08247,0.053610815999998306,15.05353,14.79311,15.38628,-0.02894000000000041,0.5398164430103307
sensor_09,normal_suspect,15.08247,0.053610815999998306,15.08247,13.35359,15.19821,0.0,0.0
sensor_09,recovery,15.08247,0.053610815999998306,11.29196,0.0072337961755693,17.65046,-3.790510000000001,70.70420267432827
sensor_10,abnormal,45.72617,4.098944220000007,28.30488,9.1950268,41.814446,-17.421290000000003,4.250189576866204
sensor_10,normal_clean,45.72617,4.098944220000007,45.72617,38.41193,52.476034999999996,0.0,0.0
sensor_10,normal_contaminated,45.72617,4.098944220000007,42.108215,36.8068675,48.86638,-3.617955000000002,0.88265533898873
sensor_10,normal_suspect,45.72617,4.098944220000007,41.32064,16.184848000000002,48.964556,-4.405530000000006,1.0747962801016107
sensor_10,recovery,45.72617,4.098944220000007,0.3597733999999999,0.08153963050000002,6.197044299999999,-45.3663966,11.06782482636466
sensor_11,abnormal,46.68359,7.186221504,30.43471,2.4600523,48.470419,-16.248880000000003,2.261115941243328
sensor_11,normal_clean,46.68359,7.186221504,46.68359,34.766729999999995,54.71455,0.0,0.0
sensor_11,normal_contaminated,46.68359,7.186221504,43.646505000000005,35.9953785,49.4097965,-3.0370849999999976,0.4226261322879476
sensor_11,normal_suspect,46.68359,7.186221504,45.71777,14.667530000000001,53.211994,-0.9658200000000008,0.13439886308297141
sensor_11,recovery,46.68359,7.186221504,0.0868055522441864,0.0,5.582444899999998,-46.596784447755816,6.484184271500549
sensor_12,abnormal,32.980270000000004,3.800704403999994,21.43791,0.4806777000000001,32.144777,-11.542360000000006,3.0369002093013133
sensor_12,normal_clean,32.980270000000004,3.800704403999994,32.980270000000004,19.744169999999997,38.279880000000006,0.0,0.0
sensor_12,normal_contaminated,32.980270000000004,3.800704403999994,32.073845,17.524315,36.270838000000005,-0.9064250000000058,0.23848868621460076
sensor_12,normal_suspect,32.980270000000004,3.800704403999994,32.78511,5.6979012,38.114938,-0.19516000000000133,0.05134837631535042
sensor_12,recovery,32.980270000000004,3.800704403999994,0.0,0.0,0.6777227799999996,-32.980270000000004,8.677409894147626
sensor_13,abnormal,5.620381,7.355844287399999,6.803444,0.07112736000000001,11.875421999999999,1.1830629999999998,0.16083306739193712
sensor_13,normal_clean,5.620381,7.355844287399999,5.620381,0.55942745,20.18542,0.0,0.0
sensor_13,normal_contaminated,5.620381,7.355844287399999,1.879081,1.1887112,16.161097500000004,-3.7413,0.508615986666352
sensor_13,normal_suspect,5.620381,7.355844287399999,4.772541,1.0294076,19.522154,-0.8478399999999997,0.11526073240189233
sensor_13,recovery,5.620381,7.355844287399999,0.0,0.0,0.0,-5.620381,0.7640701434677301
sensor_14,abnormal,420.4382,1.1024613600000222,420.3359,260.80688000000004,421.42126,-0.10230000000001382,0.09279236779782628
sensor_14,normal_clean,420.4382,1.1024613600000222,420.4382,417.85188,424.8687,0.0,0.0
sensor_14,normal_contaminated,420.4382,1.1024613600000222,40.901649475097706,35.8909235,106.2843750000002,-379.5365505249023,344.2629050735117
sensor_14,normal_suspect,420.4382,1.1024613600000222,407.47065,40.90165,421.620685,-12.967550000000017,11.762362356173423
sensor_14,recovery,420.4382,1.1024613600000222,420.2777,407.02594,425.14932,-0.1605000000000132,0.1455833336417432
sensor_16,abnormal,463.3769,1.8069928799999813,463.0843,279.92296,464.45092,-0.2925999999999931,0.16192648196820572
sensor_16,normal_clean,463.3769,1.8069928799999813,463.3769,458.66868,466.764,0.0,0.0
sensor_16,normal_contaminated,463.3769,1.8069928799999813,32.072070000000004,0.0,188.05327999999955,-431.30483,238.68651325289363
sensor_16,normal_suspect,463.3769,1.8069928799999813,449.7347,47.684148,467.07079,-13.642200000000003,7.549670035224568
sensor_16,recovery,463.3769,1.8069928799999813,463.2863,448.4282,469.0365,-0.0905999999999949,0.05013854841530745
sensor_17,abnormal,463.5739,6.1446356999999905,457.7386,270.413,469.03685,-5.835299999999961,0.949657601344856
sensor_17,normal_clean,463.5739,6.1446356999999905,463.5739,449.65594000000004,477.6215,0.0,0.0
sensor_17,normal_contaminated,463.5739,6.1446356999999905,0.0,0.0,312.06273999999974,-463.5739,75.4436752043739
sensor_17,normal_suspect,463.5739,6.1446356999999905,452.0842,0.0,577.53075,-11.48969999999997,1.869874889409634
sensor_17,recovery,463.5739,6.1446356999999905,462.0662,442.77796,473.26776,-1.5076999999999998,0.2453684927163383
sensor_18,abnormal,2.550953,0.06842347259999941,2.481055,1.0274732300000002,2.6100291,-0.0698979999999998,1.0215500228791428
sensor_18,normal_clean,2.550953,0.06842347259999941,2.550953,2.3992178,2.7089856,0.0,0.0
sensor_18,normal_contaminated,2.550953,0.06842347259999941,0.0,0.0,1.162317799999994,-2.550953,37.281840617952234
sensor_18,normal_suspect,2.550953,0.06842347259999941,2.4265305,0.0,3.9575782999999998,-0.12442249999999966,1.8184183770877589
sensor_18,recovery,2.550953,0.06842347259999941,2.534958,2.326009,2.660781,-0.01599499999999976,0.23376480894949342
sensor_19,abnormal,666.2149,1.8151471800001255,665.4158,271.93576,668.1591999999999,-0.7990999999999531,0.4402397826494146
sensor_19,normal_clean,666.2149,1.8151471800001255,666.2149,662.45408,671.0061,0.0,0.0
sensor_19,normal_contaminated,666.2149,1.8151471800001255,0.0,0.0,117.20082500000001,-666.2149,367.0307881038902
sensor_19,normal_suspect,666.2149,1.8151471800001255,648.8055,0.0,677.59142,-17.40939999999989,9.591178165507596
sensor_19,recovery,666.2149,1.8151471800001255,665.4791,648.5925599999999,668.7872,-0.7357999999999265,0.40536657749146027
sensor_20,abnormal,399.6271,0.8772544200000044,399.093,205.0147,399.44068,-0.5340999999999667,0.6088313581822296
sensor_20,normal_clean,399.6271,0.8772544200000044,399.6271,397.88292,402.14996,0.0,0.0
sensor_20,normal_contaminated,399.6271,0.8772544200000044,65.01398499999999,54.6929985,104.31644500000004,-334.613115,381.43223604390425
sensor_20,normal_suspect,399.6271,0.8772544200000044,389.3024,67.261978,406.33286,-10.324700000000007,11.769333689991502
sensor_20,recovery,399.6271,0.8772544200000044,399.2862,389.1754,400.88256,-0.34089999999997644,0.38859878300752787
sensor_21,abnormal,880.5049,3.010864079999999,880.8264,368.15097000000003,883.88977,0.32150000000001455,0.10677997792581015
sensor_21,normal_clean,880.5049,3.010864079999999,880.5049,874.7330000000001,888.0468,0.0,0.0
sensor_21,normal_contaminated,880.5049,3.010864079999999,135.0657,123.86995,203.82585500000002,-745.4392,247.58314563306368
sensor_21,normal_suspect,880.5049,3.010864079999999,858.3936,140.61306,915.14536,-22.11130000000003,7.343838649800504
sensor_21,recovery,880.5049,3.010864079999999,879.5981,856.68256,884.4006,-0.9067999999999756,0.30117599994748884
sensor_22,abnormal,532.9305,3.3993052799999153,498.6224,227.25876,535.51376,-34.308100000000024,10.092679878401766
sensor_22,normal_clean,532.9305,3.3993052799999153,532.9305,461.58984000000004,536.8865000000001,0.0,0.0
sensor_22,normal_contaminated,532.9305,3.3993052799999153,0.0,0.0,117.06982500000001,-532.9305,156.77629871478132
sensor_22,normal_suspect,532.9305,3.3993052799999153,460.40305,0.0,542.6838,-72.52745000000004,21.33596250584527
sensor_22,recovery,532.9305,3.3993052799999153,532.6485,458.48879999999997,535.77322,-0.2820000000000391,0.08295812725594512
sensor_23,abnormal,1003.19,97.66775760000013,982.5069,350.76486900000003,1092.9532,-20.68310000000008,0.2117699894852511
sensor_23,normal_clean,1003.19,97.66775760000013,1003.19,948.2101600000001,1096.0196,0.0,0.0
sensor_23,normal_contaminated,1003.19,97.66775760000013,95.08356,23.854220500000007,170.60386000000022,-908.10644,9.297914299611183
sensor_23,normal_suspect,1003.19,97.66775760000013,949.1166,105.79898000000001,1109.0988,-54.073400000000106,0.5536463755158441
sensor_23,recovery,1003.19,97.66775760000013,1088.613,938.34814,1094.1592,85.423,0.8746284556859724
sensor_24,abnormal,627.054,3.8375618399999682,625.123,257.05917,627.87685,-1.9309999999999263,0.5031840737711584
sensor_24,normal_clean,627.054,3.8375618399999682,627.054,598.5111400000001,631.7641199999999,0.0,0.0
sensor_24,normal_contaminated,627.054,3.8375618399999682,0.0,0.0,129.6640950000001,-627.054,163.3990606910989
sensor_24,normal_suspect,627.054,3.8375618399999682,608.1583,26.43755400000001,660.3627999999999,-18.89569999999992,4.923881565384774
sensor_24,recovery,627.054,3.8375618399999682,627.2341,605.47604,632.0584600000001,0.18010000000003856,0.04693083981678327
sensor_25,abnormal,746.2048,9.79642776000007,719.8438,295.31003000000004,755.74066,-26.36099999999999,2.6908788229557468
sensor_25,normal_clean,746.2048,9.79642776000007,746.2048,690.38974,761.03488,0.0,0.0
sensor_25,normal_contaminated,746.2048,9.79642776000007,0.0,0.0,151.80665499999992,-746.2048,76.17111239740257
sensor_25,normal_suspect,746.2048,9.79642776000007,652.0628,15.623522000000074,779.68608,-94.14199999999994,9.60982945073024
sensor_25,recovery,746.2048,9.79642776000007,738.9966,646.471,763.42816,-7.2082000000000335,0.7357988214267179
sensor_26,abnormal,899.1441,75.3811661400001,854.0722,333.84189000000003,971.07292,-45.07190000000003,0.597919909016679
sensor_26,normal_clean,899.1441,75.3811661400001,899.1441,752.10238,981.0426,0.0,0.0
sensor_26,normal_contaminated,899.1441,75.3811661400001,109.97235,67.88538,187.9044899999999,-789.17175,10.469083862862073
sensor_26,normal_suspect,899.1441,75.3811661400001,752.3875,123.78976,992.06574,-146.75659999999993,1.9468603036392311
sensor_26,recovery,899.1441,75.3811661400001,912.7559,747.3394599999999,923.7601999999999,13.611800000000017,0.1805729560447471
sensor_27,abnormal,494.2364,58.08322716000001,502.5955,158.42438400000003,565.06277,8.359100000000012,0.14391590152133707
sensor_27,normal_clean,494.2364,58.08322716000001,494.2364,425.77848,619.2154,0.0,0.0
sensor_27,normal_contaminated,494.2364,58.08322716000001,228.0679,30.029304000000007,526.5214600000021,-266.1685,4.582536353684243
sensor_27,normal_suspect,494.2364,58.08322716000001,536.6716,336.784,1134.4002,42.43520000000001,0.7305930141089634
sensor_27,recovery,494.2364,58.08322716000001,503.6285,451.48236,849.2244399999997,9.39209999999997,0.16170072599664365
sensor_28,abnormal,979.931,113.58050340000005,1063.003,487.59404000000006,1159.1132,83.07199999999989,0.7313931309799059
sensor_28,normal_clean,979.931,113.58050340000005,979.931,669.14972,1146.9708,0.0,0.0
sensor_28,normal_contaminated,979.931,113.58050340000005,77.031975,27.856980500000002,218.85992000000005,-902.899025,7.949419116591093
sensor_28,normal_suspect,979.931,113.58050340000005,837.1777,126.90286,1233.4397999999997,-142.75330000000008,1.2568468683156058
sensor_28,recovery,979.931,113.58050340000005,1066.251,1033.1684,1219.1606000000002,86.31999999999994,0.7599895881426415
sensor_29,abnormal,570.5671,96.72956832,724.8124,242.00902000000002,784.06757,154.24530000000004,1.5946034152631277
sensor_29,normal_clean,570.5671,96.72956832,570.5671,491.98964,805.1831,0.0,0.0
sensor_29,normal_contaminated,570.5671,96.72956832,73.22022999999999,23.697384500000002,156.47356500000004,-497.34686999999997,5.141621932547873
sensor_29,normal_suspect,570.5671,96.72956832,756.15,121.64472,1115.6624,185.5829,1.9185746739410239
sensor_29,recovery,570.5671,96.72956832,534.1785,491.29346,804.9833199999999,-36.3886,0.3761890043757821
sensor_30,abnormal,672.2222,46.67447189999997,671.2963,404.72219,708.56478,-0.9259000000000697,0.01983739638198392
sensor_30,normal_clean,672.2222,46.67447189999997,672.2222,606.0185,769.4445,0.0,0.0
sensor_30,normal_contaminated,672.2222,46.67447189999997,109.7222,45.83333,198.6111,-562.5,12.051555745615204
sensor_30,normal_suspect,672.2222,46.67447189999997,673.1481,129.6296,1047.4535,0.925899999999956,0.019837396381981485
sensor_30,recovery,672.2222,46.67447189999997,689.8148,643.9814,842.6851799999995,17.592599999999948,0.37692124375166114
sensor_31,abnormal,923.9583,77.21884883999996,971.8749,690.7812200000001,1033.5937,47.91660000000002,0.6205298410920993
sensor_31,normal_clean,923.9583,77.21884883999996,923.9583,776.5625,1063.021,0.0,0.0
sensor_31,normal_contaminated,923.9583,77.21884883999996,139.0625,60.41666,286.9792,-784.8958,10.16456230299846
sensor_31,normal_suspect,923.9583,77.21884883999996,899.4791,178.125,1800.0,-24.47919999999999,0.3170106828544118
sensor_31,recovery,923.9583,77.21884883999996,989.0624,887.9166200000001,1513.1251999999993,65.10410000000002,0.8431115068148437
sensor_32,abnormal,897.3002,86.24417634000011,849.8132,528.06749,993.5739599999999,-47.486999999999966,0.5506110906873541
sensor_32,normal_clean,897.3002,86.24417634000011,897.3002,683.7099000000001,1012.0061999999999,0.0,0.0
sensor_32,normal_contaminated,897.3002,86.24417634000011,130.87169999999998,49.300933500000006,241.266885,-766.4285,8.886727574259758
sensor_32,normal_suspect,897.3002,86.24417634000011,759.5176,170.25802000000002,1433.0656,-137.7826,1.5975872904950723
sensor_32,recovery,897.3002,86.24417634000011,908.9795,738.95948,1499.3511999999998,11.679300000000012,0.13542131765461762
sensor_33,abnormal,515.6586,35.84289282000001,546.6656,330.97832,599.93776,31.007000000000062,0.8650808447776412
sensor_33,normal_clean,515.6586,35.84289282000001,515.6586,467.77114,601.61376,0.0,0.0
sensor_33,normal_contaminated,515.6586,35.84289282000001,68.02364,20.533593,135.09215999999998,-447.63496,12.488806700061433
sensor_33,normal_suspect,515.6586,35.84289282000001,521.5139,110.78664,850.27252,5.855300000000057,0.163360140304659
sensor_33,recovery,515.6586,35.84289282000001,532.5555,482.80854,633.8640999999999,16.896900000000073,0.4714156327965737
sensor_34,abnormal,266.767,106.92155375999997,261.7709,171.44891,357.30265999999995,-4.996100000000013,0.04672678075006693
sensor_34,normal_clean,266.767,106.92155375999997,266.767,162.10866000000001,367.01158,0.0,0.0
sensor_34,normal_contaminated,266.767,106.92155375999997,65.24342999999999,60.7479315,85.50269,-201.52357,1.884779662408827
sensor_34,normal_suspect,266.767,106.92155375999997,181.4736,67.485452,324.56239999999997,-85.29339999999999,0.7977194213942371
sensor_34,recovery,266.767,106.92155375999997,193.1559,157.9419,303.6579199999998,-73.6111,0.6884589440706236
sensor_35,abnormal,496.6725,68.09878320000001,411.1652,351.4409,658.742338183594,-85.50729999999999,1.2556362387397249
sensor_35,normal_clean,496.6725,68.09878320000001,496.6725,313.82682,576.0022200000001,0.0,0.0
sensor_35,normal_contaminated,496.6725,68.09878320000001,92.89652000000001,8.315801850000003,139.277475,-403.77598,5.929268645140783
sensor_35,normal_suspect,496.6725,68.09878320000001,388.9065,85.015562,694.3506999999998,-107.76600000000002,1.5824952361263336
sensor_35,recovery,496.6725,68.09878320000001,511.9011,346.84524,610.7296399999999,15.228599999999972,0.2236251410730048
sensor_36,abnormal,815.6448,63.51072924,367.8615,261.24264,754.0503499999999,-447.78330000000005,7.050514225838545
sensor_36,normal_clean,815.6448,63.51072924,815.6448,199.11228,874.66404,0.0,0.0
sensor_36,normal_contaminated,815.6448,63.51072924,97.60552,26.192925000000002,123.0042,-718.0392800000001,11.305794919888406
sensor_36,normal_suspect,815.6448,63.51072924,383.4714,89.94986,909.11364,-432.1734,6.804730557680493
sensor_36,recovery,815.6448,63.51072924,682.2244,286.27912000000003,892.3458799999996,-133.4204000000001,2.100753708807518
sensor_37,abnormal,54.11073,43.20114040199999,72.70645,25.663331999999997,102.50627399999998,18.595720000000007,0.4304451185075457
sensor_37,normal_clean,54.11073,43.20114040199999,54.11073,0.0,114.36306000000002,0.0,0.0
sensor_37,normal_contaminated,54.11073,43.20114040199999,86.53043,16.619010000000003,125.019615,32.4197,0.7504362083575722
sensor_37,normal_suspect,54.11073,43.20114040199999,86.42102,0.0,127.64699999999999,32.31029,0.7479036363240124
sensor_37,recovery,54.11073,43.20114040199999,72.20411999999999,17.697174,122.40867999999998,18.093389999999992,0.4188174161986326
sensor_38,abnormal,49.73958,5.79140625,48.69791,31.197917,282.86455899999976,-1.0416699999999963,0.1798647780925395
sensor_38,normal_clean,49.73958,5.79140625,49.73958,41.92708,61.19791,0.0,0.0
sensor_38,normal_contaminated,49.73958,5.79140625,50.0,40.37760100000001,63.80208,0.2604200000000034,0.04496662619722169
sensor_38,normal_suspect,49.73958,5.79140625,49.73958,38.80208,64.32291,0.0,0.0
sensor_38,recovery,49.73958,5.79140625,29.9479160308838,24.739582061767603,59.11458,-19.791663969116197,3.4174193822296957
sensor_39,abnormal,35.67708,4.633125,32.8125,24.244795,303.7499999999997,-2.8645799999999966,0.6182824767300681
sensor_39,normal_clean,35.67708,4.633125,35.67708,29.6875,44.27083,0.0,0.0
sensor_39,normal_contaminated,35.67708,4.633125,35.67708,28.38542,44.01041,0.0,0.0
sensor_39,normal_suspect,35.67708,4.633125,35.15625,27.86458,47.91666,-0.5208299999999966,0.11241440712262168
sensor_39,recovery,35.67708,4.633125,24.4791660308838,19.7916660308838,80.18228799999943,-11.197913969116197,2.4169246392264827
sensor_40,abnormal,68.22916,14.285458865999988,71.61458,37.499998,329.9999699999998,3.3854200000000105,0.2369836371205028
sensor_40,normal_clean,68.22916,14.285458865999988,68.22916,51.82291,102.6042,0.0,0.0
sensor_40,normal_contaminated,68.22916,14.285458865999988,63.54166,49.21875,92.70833,-4.687499999999993,0.3281308667764566
sensor_40,normal_suspect,68.22916,14.285458865999988,66.14583,48.69791,104.4271,-2.0833299999999895,0.14583570745203048
sensor_40,recovery,68.22916,14.285458865999988,29.9479160308838,24.47917,64.32291,-38.28124396911619,2.6797349898383183
sensor_41,abnormal,35.15625,3.47484375,35.41666,24.817706443237324,160.80727899999988,0.26041000000000025,0.07494149916812815
sensor_41,normal_clean,35.15625,3.47484375,35.15625,30.20833,41.92708,0.0,0.0
sensor_41,normal_contaminated,35.15625,3.47484375,35.416664123535206,29.6875,42.1875,0.260414123535206,0.07494268585032234
sensor_41,normal_suspect,35.15625,3.47484375,34.375,28.90625,42.96875,-0.78125,0.22483025315886507
sensor_41,recovery,35.15625,3.47484375,25.7812480926514,21.09375,72.13541,-9.3750019073486,2.6979635868083567
sensor_42,abnormal,35.15625,2.7026524795532962,32.8125,26.30208080926514,134.8697779999999,-2.34375,0.8672036148677846
sensor_42,normal_clean,35.15625,2.7026524795532962,35.15625,30.98958,40.36458,0.0,0.0
sensor_42,normal_contaminated,35.15625,2.7026524795532962,35.41666,29.9479160308838,40.625,0.26041000000000025,0.09635349049502721
sensor_42,normal_suspect,35.15625,2.7026524795532962,34.89583,29.1666660308838,41.92708,-0.2604200000000034,0.09635719056378515
sensor_42,recovery,35.15625,2.7026524795532962,28.3854160308838,23.4375,69.38801899999972,-6.7708339691162,2.5052551226398547
sensor_43,abnormal,43.22916,4.633125,42.70833,33.463535,157.0312139999999,-0.5208300000000037,0.11241440712262322
sensor_43,normal_clean,43.22916,4.633125,43.22916,36.97916,54.42708,0.0,0.0
sensor_43,normal_contaminated,43.22916,4.633125,42.96875,36.19791,53.38541,-0.26041000000000025,0.05620612437609611
sensor_43,normal_suspect,43.22916,4.633125,42.70833,35.41666,54.94791,-0.5208300000000037,0.11241440712262322
sensor_43,recovery,43.22916,4.633125,30.989582061767603,25.2604160308838,64.32291,-12.239577938232397,2.6417543101540315
sensor_44,abnormal,41.08796,5.576903681999998,37.32639,30.063657,61.60860898789139,-3.761569999999999,0.6744907594765952
sensor_44,normal_clean,41.08796,5.576903681999998,41.08796,34.72222,60.76389,0.0,0.0
sensor_44,normal_contaminated,41.08796,5.576903681999998,39.6412,32.40741,51.21528,-1.4467600000000047,0.25941993667015695
sensor_44,normal_suspect,41.08796,5.576903681999998,41.08796,32.98611,61.05324,0.0,0.0
sensor_44,recovery,41.08796,5.576903681999998,30.6713,26.33102,39.35185108764649,-10.416660000000004,1.8678213922935036
sensor_45,abnormal,40.50926,4.718924080925586,37.90509,29.108795394592264,56.307871,-2.6041699999999963,0.5518567273684991
sensor_45,normal_clean,40.50926,4.718924080925586,40.50926,34.7222213745117,62.5,0.0,0.0
sensor_45,normal_contaminated,40.50926,4.718924080925586,39.6412,32.11806,53.53009,-0.8680599999999998,0.18395294883187346
sensor_45,normal_suspect,40.50926,4.718924080925586,41.08796,33.275463104248,75.52084,0.5787000000000049,0.1226338864698363
sensor_45,recovery,40.50926,4.718924080925586,30.96065,27.199070000000003,40.21991,-9.548609999999996,2.023471841515005
sensor_46,abnormal,46.00694,7.72186903907441,39.0625,30.98958351892087,109.66433899999996,-6.94444,0.899321131303776
sensor_46,normal_clean,46.00694,7.72186903907441,46.00694,37.61574172973629,71.18056,0.0,0.0
sensor_46,normal_contaminated,46.00694,7.72186903907441,43.11343,35.30093,61.05324,-2.893509999999999,0.3747162746944013
sensor_46,normal_suspect,46.00694,7.72186903907441,43.40278,36.1689796447754,74.36343000000001,-2.6041600000000003,0.3372447767272871
sensor_46,recovery,46.00694,7.72186903907441,32.1180572509766,27.199073791503896,48.90046,-13.888882749023402,1.7986426186124762
sensor_47,abnormal,43.40278,5.576911341134723,43.98148,30.4398138270264,121.55672199999992,0.5786999999999978,0.1037671149138711
sensor_47,normal_clean,43.40278,5.576911341134723,43.40278,37.32639,61.34259,0.0,0.0
sensor_47,normal_contaminated,43.40278,5.576911341134723,41.956016540527294,35.30093,55.55556,-1.446763459472706,0.25942020071244953
sensor_47,normal_suspect,43.40278,5.576911341134723,41.087963104248,35.0115737915039,57.58102,-2.314816895752003,0.41507148924497905
sensor_47,recovery,43.40278,5.576911341134723,32.986110687255895,27.7777786254883,41.6666679382324,-10.416669312744105,1.8678204969678873
sensor_48,abnormal,159.4329,89.23057752000001,144.6759,38.4259248270264,355.4976799999999,-14.756999999999977,0.16538052773100526
sensor_48,normal_clean,159.4329,89.23057752000001,159.4329,63.94676,305.2662,0.0,0.0
sensor_48,normal_contaminated,159.4329,89.23057752000001,95.77546,52.08333,202.5463,-63.657439999999994,0.713403877563517
sensor_48,normal_suspect,159.4329,89.23057752000001,121.2384,46.2963,312.7893,-38.19449999999999,0.42804272998725273
sensor_48,recovery,159.4329,89.23057752000001,31.5393524169922,27.199073791503896,58.1597213745117,-127.89354758300779,1.4332928368007247
sensor_49,abnormal,53.81944,8.150875194000008,49.76852,34.027776518920874,105.98959999999997,-4.050919999999998,0.49699202890285277
sensor_49,normal_clean,53.81944,8.150875194000008,53.81944,44.849536895752,90.85648,0.0,0.0
sensor_49,normal_contaminated,53.81944,8.150875194000008,50.63657,41.956016540527294,70.60185,-3.182870000000001,0.3904942627931493
sensor_49,normal_suspect,53.81944,8.150875194000008,52.0833320617676,41.087963104248,109.9537,-1.7361079382324007,0.21299650613106896
sensor_49,recovery,53.81944,8.150875194000008,31.5393524169922,27.488426208496104,60.474536895752,-22.2800875830078,2.733459543020427
sensor_51,abnormal,199.9421,25.739566860000032,231.62615,177.010975,310.329875,31.684049999999985,1.23094728719922
sensor_51,normal_clean,199.9421,25.739566860000032,199.9421,153.3565,255.787,0.0,0.0
sensor_51,normal_contaminated,199.9421,25.739566860000032,192.9977,159.1435,232.0602,-6.944400000000002,0.2697947497629334
sensor_51,normal_suspect,199.9421,25.739566860000032,195.0231,45.42824,250.2894,-4.919000000000011,0.19110655695004206
sensor_51,recovery,199.9421,25.739566860000032,36.16898,28.06713,1000.0,-163.77312,6.362699142948974
