sensor_a,sensor_b,correlation,abs_correlation
sensor_19,sensor_20,0.9982491880477621,0.9982491880477621
sensor_20,sensor_21,0.9970718545669011,0.9970718545669011
sensor_19,sensor_21,0.9959841169353738,0.9959841169353738
sensor_14,sensor_16,0.9903170552354904,0.9903170552354904
sensor_19,sensor_22,0.9892314013932537,0.9892314013932537
sensor_19,sensor_24,0.9877874763837489,0.9877874763837489
sensor_20,sensor_22,0.987463391037052,0.987463391037052
sensor_21,sensor_24,0.9871498163877277,0.9871498163877277
sensor_22,sensor_23,0.9870683510987802,0.9870683510987802
sensor_20,sensor_24,0.9861461095959116,0.9861461095959116
sensor_19,sensor_25,0.9859674037224335,0.9859674037224335
sensor_20,sensor_25,0.9852828243365962,0.9852828243365962
sensor_21,sensor_22,0.9851539540350539,0.9851539540350539
sensor_17,sensor_18,0.9835531348637979,0.9835531348637979
sensor_21,sensor_25,0.9833610986014855,0.9833610986014855
sensor_14,sensor_19,0.9831109374030983,0.9831109374030983
sensor_22,sensor_25,0.9826488353834197,0.9826488353834197
sensor_20,sensor_23,0.9801197396011931,0.9801197396011931
sensor_14,sensor_20,0.9800326934799859,0.9800326934799859
sensor_19,sensor_23,0.9797852121754614,0.9797852121754614
sensor_16,sensor_19,0.9796446056315232,0.9796446056315232
sensor_22,sensor_24,0.979593129280645,0.979593129280645
sensor_21,sensor_23,0.9795259747665015,0.9795259747665015
sensor_16,sensor_20,0.9769504541223176,0.9769504541223176
sensor_24,sensor_25,0.9737462211900111,0.9737462211900111
sensor_16,sensor_21,0.9735992178030117,0.9735992178030117
sensor_14,sensor_25,0.9731159080286799,0.9731159080286799
sensor_14,sensor_22,0.9730991122000264,0.9730991122000264
sensor_14,sensor_21,0.9717565902503474,0.9717565902503474
sensor_25,sensor_26,0.97077865130133,0.97077865130133
sensor_23,sensor_24,0.9705927722555165,0.9705927722555165
sensor_23,sensor_25,0.97054998738152,0.97054998738152
sensor_16,sensor_25,0.9692596554909669,0.9692596554909669
sensor_16,sensor_22,0.9688972505003567,0.9688972505003567
sensor_16,sensor_24,0.9681737446700833,0.9681737446700833
sensor_14,sensor_24,0.9670406527569277,0.9670406527569277
sensor_14,sensor_23,0.9624608353045083,0.9624608353045083
sensor_16,sensor_23,0.9597354771957329,0.9597354771957329
sensor_22,sensor_26,0.9563934210430596,0.9563934210430596
sensor_21,sensor_26,0.9563166464638042,0.9563166464638042
sensor_23,sensor_26,0.9554406744635896,0.9554406744635896
sensor_20,sensor_26,0.9538152585789795,0.9538152585789795
sensor_16,sensor_17,0.9522461349671947,0.9522461349671947
sensor_19,sensor_26,0.9520669861300545,0.9520669861300545
sensor_24,sensor_26,0.9440092816420236,0.9440092816420236
sensor_16,sensor_26,0.9318221200363951,0.9318221200363951
sensor_17,sensor_19,0.9306043125922449,0.9306043125922449
sensor_14,sensor_17,0.9299423624086233,0.9299423624086233
sensor_14,sensor_26,0.9297467089111646,0.9297467089111646
sensor_17,sensor_21,0.9280887414128369,0.9280887414128369
sensor_17,sensor_24,0.9280658852111952,0.9280658852111952
sensor_16,sensor_18,0.9259081342739525,0.9259081342739525
sensor_17,sensor_20,0.9256488985995118,0.9256488985995118
sensor_17,sensor_22,0.9205586738232462,0.9205586738232462
sensor_17,sensor_25,0.9176076279324219,0.9176076279324219
sensor_00,sensor_04,0.9152397230074711,0.9152397230074711
sensor_18,sensor_21,0.9121637912948414,0.9121637912948414
sensor_18,sensor_19,0.9079556852906275,0.9079556852906275
sensor_18,sensor_24,0.9067450739982669,0.9067450739982669
sensor_18,sensor_20,0.906704308943808,0.906704308943808
sensor_17,sensor_23,0.9063325297992995,0.9063325297992995
sensor_14,sensor_18,0.9013831741371441,0.9013831741371441
sensor_18,sensor_22,0.8976018594131858,0.8976018594131858
sensor_18,sensor_25,0.8971926448991325,0.8971926448991325
sensor_17,sensor_26,0.8888070454149527,0.8888070454149527
sensor_18,sensor_23,0.8865273515233462,0.8865273515233462
sensor_18,sensor_26,0.8792951410096794,0.8792951410096794
sensor_26,sensor_32,0.8770812523024356,0.8770812523024356
sensor_21,sensor_33,0.8734558334584666,0.8734558334584666
sensor_24,sensor_33,0.8708591381573912,0.8708591381573912
sensor_32,sensor_33,0.8690306336613853,0.8690306336613853
sensor_19,sensor_33,0.8685169914991292,0.8685169914991292
sensor_17,sensor_33,0.8672627424454381,0.8672627424454381
sensor_20,sensor_33,0.8654560865601642,0.8654560865601642
sensor_31,sensor_32,0.8635040414275422,0.8635040414275422
sensor_16,sensor_33,0.8600662052296146,0.8600662052296146
sensor_31,sensor_33,0.8569315781968496,0.8569315781968496
sensor_25,sensor_33,0.8565503977587501,0.8565503977587501
sensor_18,sensor_33,0.8553238448180022,0.8553238448180022
sensor_23,sensor_30,0.8532634607698887,0.8532634607698887
sensor_21,sensor_30,0.851904205672831,0.851904205672831
sensor_21,sensor_32,0.8497018296399081,0.8497018296399081
sensor_25,sensor_32,0.8493954293754558,0.8493954293754558
sensor_23,sensor_32,0.8468780883611624,0.8468780883611624
sensor_24,sensor_32,0.8468164130440938,0.8468164130440938
sensor_23,sensor_33,0.8440467778917926,0.8440467778917926
sensor_22,sensor_33,0.8437393397322042,0.8437393397322042
sensor_14,sensor_33,0.8426072680793021,0.8426072680793021
sensor_26,sensor_30,0.8414850795875147,0.8414850795875147
sensor_22,sensor_32,0.8410418017327028,0.8410418017327028
sensor_24,sensor_30,0.8408238286677182,0.8408238286677182
sensor_20,sensor_30,0.8384330580689213,0.8384330580689213
sensor_19,sensor_32,0.837822960670019,0.837822960670019
sensor_20,sensor_32,0.8377640729802083,0.8377640729802083
sensor_26,sensor_33,0.8370429829231617,0.8370429829231617
sensor_19,sensor_30,0.8361324025419835,0.8361324025419835
sensor_30,sensor_32,0.8338486560990774,0.8338486560990774
sensor_41,sensor_42,0.8329379069776819,0.8329379069776819
sensor_17,sensor_32,0.832457654217053,0.832457654217053
sensor_18,sensor_32,0.8315974940942136,0.8315974940942136
sensor_25,sensor_30,0.8313031997842948,0.8313031997842948
sensor_22,sensor_30,0.8281213704805204,0.8281213704805204
sensor_16,sensor_32,0.8255548714630992,0.8255548714630992
sensor_34,sensor_35,0.8242572788919572,0.8242572788919572
sensor_30,sensor_33,0.8240687889421721,0.8240687889421721
sensor_18,sensor_30,0.8208848639231312,0.8208848639231312
sensor_21,sensor_28,0.8202502694667336,0.8202502694667336
sensor_18,sensor_31,0.8177561233944356,0.8177561233944356
sensor_21,sensor_31,0.8171948382774176,0.8171948382774176
sensor_17,sensor_30,0.8167445441938372,0.8167445441938372
sensor_17,sensor_31,0.8157074785547094,0.8157074785547094
sensor_16,sensor_30,0.8155110823469967,0.8155110823469967
sensor_20,sensor_28,0.812831805989457,0.812831805989457
sensor_26,sensor_31,0.8126974524866684,0.8126974524866684
sensor_19,sensor_28,0.8109576444780122,0.8109576444780122
sensor_28,sensor_33,0.8106240995106389,0.8106240995106389
sensor_24,sensor_28,0.8098318851864862,0.8098318851864862
sensor_24,sensor_31,0.80918828543062,0.80918828543062
sensor_23,sensor_35,0.8079601001322024,0.8079601001322024
sensor_07,sensor_08,0.8058262439156303,0.8058262439156303
sensor_14,sensor_32,0.8041274460940887,0.8041274460940887
sensor_25,sensor_28,0.8024554662862786,0.8024554662862786
sensor_20,sensor_31,0.801030795395839,0.801030795395839
sensor_19,sensor_31,0.8001609748566327,0.8001609748566327
sensor_29,sensor_33,0.7991182821667322,0.7991182821667322
sensor_28,sensor_31,0.7987025952158354,0.7987025952158354
sensor_25,sensor_31,0.7963392053839178,0.7963392053839178
sensor_16,sensor_28,0.7960654724082106,0.7960654724082106
sensor_26,sensor_28,0.7937772939574614,0.7937772939574614
sensor_14,sensor_30,0.7932877528954061,0.7932877528954061
sensor_30,sensor_31,0.7929723656420757,0.7929723656420757
sensor_23,sensor_31,0.790230191822861,0.790230191822861
sensor_22,sensor_31,0.7884494535540189,0.7884494535540189
sensor_16,sensor_31,0.7873063251097668,0.7873063251097668
sensor_40,sensor_43,0.7862705694421114,0.7862705694421114
sensor_17,sensor_28,0.7850769979000757,0.7850769979000757
sensor_14,sensor_28,0.7820473943863048,0.7820473943863048
sensor_22,sensor_28,0.7813767806109275,0.7813767806109275
sensor_18,sensor_28,0.7785788370495592,0.7785788370495592
sensor_22,sensor_35,0.775267606015883,0.775267606015883
sensor_34,sensor_36,0.7703274947031529,0.7703274947031529
sensor_26,sensor_35,0.767466143875779,0.767466143875779
sensor_23,sensor_28,0.7635950424034285,0.7635950424034285
sensor_28,sensor_32,0.761186900976008,0.761186900976008
sensor_35,sensor_36,0.7608617580636833,0.7608617580636833
sensor_14,sensor_31,0.7570080287538551,0.7570080287538551
sensor_08,sensor_09,0.7521974051647092,0.7521974051647092
sensor_16,sensor_35,0.7452954538521611,0.7452954538521611
sensor_17,sensor_35,0.7422422903612823,0.7422422903612823
sensor_19,sensor_35,0.7412534181988651,0.7412534181988651
sensor_21,sensor_35,0.7391813789193636,0.7391813789193636
sensor_20,sensor_35,0.7382766825217616,0.7382766825217616
sensor_14,sensor_35,0.7362953951900663,0.7362953951900663
sensor_25,sensor_35,0.7358951167317312,0.7358951167317312
sensor_38,sensor_41,0.7285503119889566,0.7285503119889566
sensor_24,sensor_35,0.7279898964103788,0.7279898964103788
sensor_24,sensor_29,0.718091375357526,0.718091375357526
sensor_21,sensor_29,0.7099899942361643,0.7099899942361643
sensor_26,sensor_34,0.7092545588344287,0.7092545588344287
sensor_18,sensor_35,0.7082273495489543,0.7082273495489543
sensor_17,sensor_29,0.7052560915708169,0.7052560915708169
sensor_19,sensor_29,0.7042345450366985,0.7042345450366985
sensor_20,sensor_29,0.7021312743653534,0.7021312743653534
sensor_28,sensor_29,0.7020394722463837,0.7020394722463837
sensor_29,sensor_31,0.7018489932460498,0.7018489932460498
sensor_00,sensor_10,0.70124587947395,0.70124587947395
sensor_18,sensor_29,0.6972554370878179,0.6972554370878179
sensor_28,sensor_30,0.6968580580387721,0.6968580580387721
sensor_45,sensor_46,0.6962321248849533,0.6962321248849533
sensor_16,sensor_29,0.6954225983710195,0.6954225983710195
sensor_25,sensor_29,0.6939506222460615,0.6939506222460615
sensor_29,sensor_32,0.6855577554152881,0.6855577554152881
sensor_32,sensor_35,0.6823942105294358,0.6823942105294358
sensor_26,sensor_36,0.6815031733235146,0.6815031733235146
sensor_14,sensor_29,0.6787614633984994,0.6787614633984994
sensor_06,sensor_07,0.6777618489497141,0.6777618489497141
sensor_07,sensor_09,0.6758124270332627,0.6758124270332627
sensor_30,sensor_35,0.6738359004004462,0.6738359004004462
sensor_39,sensor_42,0.6723972424416658,0.6723972424416658
sensor_23,sensor_36,0.6701488273569094,0.6701488273569094
sensor_22,sensor_29,0.6584287500109097,0.6584287500109097
sensor_22,sensor_36,0.6582479154914915,0.6582479154914915
sensor_23,sensor_34,0.6571349111307349,0.6571349111307349
sensor_29,sensor_30,0.6537132774633359,0.6537132774633359
sensor_22,sensor_34,0.6497935712345455,0.6497935712345455
sensor_04,sensor_10,0.6497525056338888,0.6497525056338888
sensor_26,sensor_29,0.6363984334636691,0.6363984334636691
sensor_23,sensor_29,0.6339872617226152,0.6339872617226152
sensor_06,sensor_11,0.6266271433800451,0.6266271433800451
sensor_25,sensor_36,0.6264579900848345,0.6264579900848345
sensor_25,sensor_34,0.62562459482206,0.62562459482206
sensor_33,sensor_35,0.6209921319472855,0.6209921319472855
sensor_00,sensor_06,0.6190323932576298,0.6190323932576298
sensor_31,sensor_35,0.6173075626198555,0.6173075626198555
sensor_20,sensor_36,0.6124959141133628,0.6124959141133628
sensor_19,sensor_36,0.6124068356849018,0.6124068356849018
sensor_16,sensor_34,0.6097429769652897,0.6097429769652897
sensor_21,sensor_36,0.6096693126801641,0.6096693126801641
sensor_06,sensor_08,0.609552935794531,0.609552935794531
sensor_19,sensor_34,0.6094250041368348,0.6094250041368348
sensor_20,sensor_34,0.6080756105358057,0.6080756105358057
sensor_14,sensor_34,0.6067914122735505,0.6067914122735505
sensor_21,sensor_34,0.6061004047246035,0.6061004047246035
sensor_14,sensor_36,0.6054805735799639,0.6054805735799639
sensor_17,sensor_34,0.6026945158958076,0.6026945158958076
sensor_32,sensor_34,0.6021909967659718,0.6021909967659718
sensor_02,sensor_03,0.6019062547956975,0.6019062547956975
sensor_16,sensor_36,0.5989319010019181,0.5989319010019181
sensor_24,sensor_34,0.5956108431626749,0.5956108431626749
sensor_24,sensor_36,0.5951856583063898,0.5951856583063898
sensor_39,sensor_41,0.5899338378040492,0.5899338378040492
sensor_42,sensor_43,0.5829642983681985,0.5829642983681985
sensor_18,sensor_34,0.579266673859721,0.579266673859721
sensor_04,sensor_06,0.5774448006357665,0.5774448006357665
sensor_07,sensor_11,0.5761749675734381,0.5761749675734381
sensor_48,sensor_49,0.5730521418714972,0.5730521418714972
sensor_00,sensor_07,0.5727825847560785,0.5727825847560785
sensor_00,sensor_11,0.5713870450370199,0.5713870450370199
sensor_17,sensor_36,0.5678388126559256,0.5678388126559256
sensor_06,sensor_37,-0.5666347472965512,0.5666347472965512
sensor_04,sensor_11,0.56536239363374,0.56536239363374
sensor_32,sensor_36,0.56464169177763,0.56464169177763
sensor_44,sensor_49,0.5625201267929344,0.5625201267929344
sensor_27,sensor_30,0.5615729871177425,0.5615729871177425
sensor_11,sensor_12,0.5609084780122822,0.5609084780122822
sensor_18,sensor_36,0.5574758210119438,0.5574758210119438
sensor_06,sensor_48,0.5419753463960969,0.5419753463960969
sensor_44,sensor_47,0.5371922833886215,0.5371922833886215
sensor_13,sensor_37,-0.533837921099937,0.533837921099937
sensor_35,sensor_37,-0.5235058502535801,0.5235058502535801
sensor_06,sensor_13,0.5224666149374032,0.5224666149374032
sensor_28,sensor_34,0.52005317024835,0.52005317024835
sensor_30,sensor_36,0.5196165330411109,0.5196165330411109
sensor_28,sensor_35,0.5154682934630447,0.5154682934630447
sensor_31,sensor_34,0.5151076806660903,0.5151076806660903
sensor_06,sensor_10,0.5085350226127267,0.5085350226127267
sensor_33,sensor_34,0.5051753516262958,0.5051753516262958
sensor_13,sensor_48,0.5041497019950025,0.5041497019950025
sensor_11,sensor_48,0.5019647041722162,0.5019647041722162
sensor_30,sensor_34,0.5015358359948885,0.5015358359948885
sensor_04,sensor_07,0.4956293677295152,0.4956293677295152
sensor_00,sensor_12,0.4897000220400398,0.4897000220400398
sensor_36,sensor_37,-0.48694052201403676,0.48694052201403676
sensor_27,sensor_33,0.48680730213724677,0.48680730213724677
sensor_04,sensor_12,0.48408994204149614,0.48408994204149614
sensor_37,sensor_48,-0.480931454725268,0.480931454725268
sensor_27,sensor_31,0.478438541782844,0.478438541782844
sensor_08,sensor_11,0.4779336462176139,0.4779336462176139
sensor_31,sensor_36,0.47780331019043953,0.47780331019043953
sensor_33,sensor_36,0.4682766611233347,0.4682766611233347
sensor_18,sensor_27,0.46706706571766643,0.46706706571766643
sensor_06,sensor_12,0.46555350495586917,0.46555350495586917
sensor_00,sensor_08,0.45927966030174205,0.45927966030174205
sensor_17,sensor_27,0.4590780490810491,0.4590780490810491
sensor_06,sensor_35,0.4575182354144554,0.4575182354144554
sensor_06,sensor_09,0.4571074676736139,0.4571074676736139
sensor_11,sensor_13,0.4527531609370177,0.4527531609370177
sensor_00,sensor_09,0.43884329135621863,0.43884329135621863
sensor_00,sensor_02,0.43866846774051016,0.43866846774051016
sensor_41,sensor_43,0.43379722056091413,0.43379722056091413
sensor_27,sensor_32,0.42945814266444376,0.42945814266444376
sensor_04,sensor_05,0.4285450142958835,0.4285450142958835
sensor_28,sensor_36,0.4278274259891637,0.4278274259891637
sensor_27,sensor_35,0.4254274422535259,0.4254274422535259
sensor_13,sensor_35,0.4254080894469061,0.4254080894469061
sensor_38,sensor_39,0.4218454435031256,0.4218454435031256
sensor_23,sensor_27,0.42121288391653827,0.42121288391653827
sensor_34,sensor_37,-0.41641160106194924,0.41641160106194924
sensor_38,sensor_42,0.4090454955696977,0.4090454955696977
sensor_45,sensor_48,0.408501157164328,0.408501157164328
sensor_21,sensor_27,0.40317804680180575,0.40317804680180575
sensor_06,sensor_36,0.3998049525802064,0.3998049525802064
sensor_00,sensor_05,0.3995539581634253,0.3995539581634253
sensor_24,sensor_27,0.39476819320372936,0.39476819320372936
sensor_16,sensor_27,0.3927597370598642,0.3927597370598642
sensor_04,sensor_08,0.39072192041509224,0.39072192041509224
sensor_07,sensor_10,0.38813243313008877,0.38813243313008877
sensor_22,sensor_27,0.38446886865549873,0.38446886865549873
sensor_19,sensor_27,0.38365683476239776,0.38365683476239776
sensor_20,sensor_27,0.38307064066342783,0.38307064066342783
sensor_10,sensor_11,0.38152242508820094,0.38152242508820094
sensor_03,sensor_06,0.37985609885915556,0.37985609885915556
sensor_26,sensor_27,0.3795733207644801,0.3795733207644801
sensor_02,sensor_04,0.3680756572376571,0.3680756572376571
sensor_12,sensor_48,0.3670169579375971,0.3670169579375971
sensor_35,sensor_48,0.3661749096165109,0.3661749096165109
sensor_25,sensor_27,0.36560165038272574,0.36560165038272574
sensor_45,sensor_49,0.36453054404959123,0.36453054404959123
sensor_07,sensor_48,0.3640034674257919,0.3640034674257919
sensor_46,sensor_48,0.36358642396742075,0.36358642396742075
sensor_13,sensor_36,0.35967029311571536,0.35967029311571536
sensor_13,sensor_23,0.35921500772574566,0.35921500772574566
sensor_39,sensor_43,0.35876736244612734,0.35876736244612734
sensor_27,sensor_29,0.35662212056389103,0.35662212056389103
sensor_04,sensor_09,0.35393624652890204,0.35393624652890204
sensor_43,sensor_46,0.3535815105575208,0.3535815105575208
sensor_44,sensor_48,0.35204575173036773,0.35204575173036773
sensor_07,sensor_12,0.35199744639247077,0.35199744639247077
sensor_03,sensor_11,0.3503824394270575,0.3503824394270575
sensor_23,sensor_48,0.349565632253708,0.349565632253708
sensor_14,sensor_27,0.3479745730772379,0.3479745730772379
sensor_07,sensor_13,0.3437569663463156,0.3437569663463156
sensor_03,sensor_48,0.34304205318390657,0.34304205318390657
sensor_44,sensor_45,0.34054963056036447,0.34054963056036447
sensor_23,sensor_37,-0.34019201082301403,0.34019201082301403
sensor_27,sensor_28,0.33790408078318934,0.33790408078318934
sensor_13,sensor_30,0.33650218664472437,0.33650218664472437
sensor_09,sensor_11,0.3326198842964832,0.3326198842964832
sensor_01,sensor_03,0.3297793180057844,0.3297793180057844
sensor_09,sensor_10,0.329203583512277,0.329203583512277
sensor_11,sensor_49,0.32796879130880624,0.32796879130880624
sensor_06,sensor_49,0.32757717506835654,0.32757717506835654
sensor_10,sensor_12,0.32624421960067407,0.32624421960067407
sensor_06,sensor_23,0.3227481507323734,0.3227481507323734
sensor_08,sensor_13,0.32270815217250376,0.32270815217250376
sensor_06,sensor_34,0.3206771165566344,0.3206771165566344
sensor_41,sensor_47,0.3189724761760392,0.3189724761760392
sensor_08,sensor_10,0.3177171021819553,0.3177171021819553
sensor_10,sensor_34,0.3161915658646739,0.3161915658646739
sensor_03,sensor_07,0.3134843272742893,0.3134843272742893
sensor_00,sensor_51,0.3067577176280763,0.3067577176280763
sensor_12,sensor_13,0.3041316107978551,0.3041316107978551
sensor_22,sensor_48,0.30394129803543396,0.30394129803543396
sensor_08,sensor_48,0.3025599423170608,0.3025599423170608
sensor_13,sensor_22,0.30182310840866194,0.30182310840866194
sensor_22,sensor_37,-0.30152787148400606,0.30152787148400606
sensor_30,sensor_48,0.30081577263510495,0.30081577263510495
sensor_36,sensor_48,0.297862891487997,0.297862891487997
sensor_46,sensor_47,0.2936630701156072,0.2936630701156072
sensor_44,sensor_46,0.2932512875635839,0.2932512875635839
sensor_11,sensor_37,-0.29223010260273075,0.29223010260273075
sensor_29,sensor_35,0.2898300178536589,0.2898300178536589
sensor_00,sensor_03,0.2860388256635968,0.2860388256635968
sensor_38,sensor_47,0.28079424927472196,0.28079424927472196
sensor_08,sensor_12,0.2802618886664535,0.2802618886664535
sensor_37,sensor_41,0.27931412764556246,0.27931412764556246
sensor_13,sensor_40,0.2787424939082532,0.2787424939082532
sensor_01,sensor_02,0.2771977736629689,0.2771977736629689
sensor_03,sensor_12,0.2771453179128846,0.2771453179128846
sensor_04,sensor_51,0.2768877828868941,0.2768877828868941
sensor_06,sensor_40,0.27623017373560876,0.27623017373560876
sensor_13,sensor_26,0.2736312086177742,0.2736312086177742
sensor_06,sensor_22,0.2704666539174475,0.2704666539174475
sensor_00,sensor_39,-0.26876781014564927,0.26876781014564927
sensor_13,sensor_34,0.2684350485589103,0.2684350485589103
sensor_12,sensor_49,0.26701328261821106,0.26701328261821106
sensor_40,sensor_46,0.266432546350682,0.266432546350682
sensor_03,sensor_08,0.2632167482562867,0.2632167482562867
sensor_13,sensor_24,0.26223236136185435,0.26223236136185435
sensor_13,sensor_14,0.26156574850031233,0.26156574850031233
sensor_26,sensor_37,-0.26003823498200784,0.26003823498200784
sensor_13,sensor_20,0.2579351478807435,0.2579351478807435
sensor_13,sensor_49,0.25712648191201626,0.25712648191201626
sensor_13,sensor_19,0.2562186267899678,0.2562186267899678
sensor_02,sensor_12,0.2559459383469434,0.2559459383469434
sensor_13,sensor_21,0.2546845975062734,0.2546845975062734
sensor_14,sensor_48,0.25425772072197417,0.25425772072197417
sensor_13,sensor_16,0.25423287364251673,0.25423287364251673
sensor_49,sensor_51,0.25339525070616814,0.25339525070616814
sensor_19,sensor_48,0.25299656397676457,0.25299656397676457
sensor_10,sensor_47,0.2523305717055215,0.2523305717055215
sensor_20,sensor_48,0.25229112003372345,0.25229112003372345
sensor_11,sensor_40,0.2516338179019329,0.2516338179019329
sensor_40,sensor_48,0.2509320189706495,0.2509320189706495
sensor_10,sensor_36,0.25010082176074794,0.25010082176074794
sensor_24,sensor_48,0.24988601221164933,0.24988601221164933
sensor_25,sensor_48,0.24891891053095144,0.24891891053095144
sensor_21,sensor_48,0.2487881990314529,0.2487881990314529
sensor_13,sensor_25,0.24864661938453514,0.24864661938453514
sensor_43,sensor_47,0.24857006620784702,0.24857006620784702
sensor_06,sensor_30,0.24679924440498185,0.24679924440498185
sensor_10,sensor_51,0.2457830687631169,0.2457830687631169
sensor_27,sensor_36,0.24405401347797037,0.24405401347797037
sensor_16,sensor_48,0.24404616017248384,0.24404616017248384
sensor_03,sensor_49,0.2439129060946147,0.2439129060946147
sensor_06,sensor_26,0.24370629116765613,0.24370629116765613
sensor_05,sensor_10,0.24350016876916428,0.24350016876916428
sensor_46,sensor_49,0.24247248270266009,0.24247248270266009
sensor_30,sensor_37,-0.24179163620151134,0.24179163620151134
sensor_27,sensor_34,0.24127115988354472,0.24127115988354472
sensor_06,sensor_44,0.24117559407891911,0.24117559407891911
sensor_13,sensor_32,0.2409061539295401,0.2409061539295401
sensor_26,sensor_48,0.23940832985689622,0.23940832985689622
sensor_27,sensor_48,0.23760517855979277,0.23760517855979277
sensor_07,sensor_37,-0.23658448895960893,0.23658448895960893
sensor_01,sensor_49,0.23537043703841215,0.23537043703841215
sensor_08,sensor_37,-0.23520009861172023,0.23520009861172023
sensor_02,sensor_10,0.23417609418209948,0.23417609418209948
sensor_03,sensor_13,0.23402373470749788,0.23402373470749788
sensor_13,sensor_44,0.23035213392839765,0.23035213392839765
sensor_05,sensor_46,-0.2303449994485297,0.2303449994485297
sensor_07,sensor_49,0.22805021196027284,0.22805021196027284
sensor_37,sensor_42,0.2273128568946952,0.2273128568946952
sensor_04,sensor_39,-0.22712204774384834,0.22712204774384834
sensor_39,sensor_40,0.22645806800580828,0.22645806800580828
sensor_11,sensor_39,-0.22549969055736613,0.22549969055736613
sensor_03,sensor_04,0.2251530082048293,0.2251530082048293
sensor_35,sensor_40,0.22352928566948385,0.22352928566948385
sensor_43,sensor_44,0.2231988216122012,0.2231988216122012
sensor_25,sensor_37,-0.22252455892469097,0.22252455892469097
sensor_07,sensor_40,0.2217677024538152,0.2217677024538152
sensor_13,sensor_17,0.2216394032764756,0.2216394032764756
sensor_01,sensor_08,0.22118191440102258,0.22118191440102258
sensor_10,sensor_35,0.22112453089294368,0.22112453089294368
sensor_06,sensor_25,0.21972204525987746,0.21972204525987746
sensor_37,sensor_49,-0.2191497716734567,0.2191497716734567
sensor_05,sensor_48,-0.21872612527961713,0.21872612527961713
sensor_40,sensor_44,0.21870803523083987,0.21870803523083987
sensor_06,sensor_20,0.21837024348081002,0.21837024348081002
sensor_13,sensor_27,0.2182556976983033,0.2182556976983033
sensor_06,sensor_21,0.21796202299740383,0.21796202299740383
sensor_03,sensor_09,0.21756161290591844,0.21756161290591844
sensor_06,sensor_19,0.21729775463635506,0.21729775463635506
sensor_14,sensor_37,-0.21683376020804646,0.21683376020804646
sensor_11,sensor_30,0.21680125646115397,0.21680125646115397
sensor_06,sensor_51,0.21650064180678624,0.21650064180678624
sensor_06,sensor_32,0.2161209851102959,0.2161209851102959
sensor_06,sensor_14,0.21605241854197402,0.21605241854197402
sensor_19,sensor_37,-0.21580237062037,0.21580237062037
sensor_20,sensor_37,-0.2152106376980472,0.2152106376980472
sensor_21,sensor_37,-0.213832753513629,0.213832753513629
sensor_05,sensor_37,0.21323592324144383,0.21323592324144383
sensor_17,sensor_48,0.2125943938191981,0.2125943938191981
sensor_24,sensor_37,-0.21246238392525596,0.21246238392525596
sensor_37,sensor_40,-0.21187409604188484,0.21187409604188484
sensor_06,sensor_16,0.21181684235210796,0.21181684235210796
sensor_06,sensor_27,0.21136272002047995,0.21136272002047995
sensor_06,sensor_46,0.21109378098031606,0.21109378098031606
sensor_02,sensor_06,0.2107803439515656,0.2107803439515656
sensor_06,sensor_24,0.21025820421398406,0.21025820421398406
sensor_16,sensor_37,-0.21024348276578766,0.21024348276578766
sensor_01,sensor_44,0.21019406195309295,0.21019406195309295
sensor_32,sensor_37,-0.2092752599698219,0.2092752599698219
sensor_13,sensor_18,0.2085403487128155,0.2085403487128155
sensor_29,sensor_34,0.20821429713164824,0.20821429713164824
sensor_02,sensor_07,0.20725577728799774,0.20725577728799774
sensor_10,sensor_37,-0.2058249089417223,0.2058249089417223
sensor_40,sensor_42,0.20446396995972627,0.20446396995972627
sensor_08,sensor_35,0.20421804686345207,0.20421804686345207
sensor_35,sensor_44,0.20414753340074396,0.20414753340074396
sensor_18,sensor_48,0.20405860618648636,0.20405860618648636
sensor_13,sensor_46,0.20384244436153942,0.20384244436153942
sensor_41,sensor_48,-0.2013443701833927,0.2013443701833927
sensor_01,sensor_45,0.20120481843293272,0.20120481843293272
sensor_08,sensor_40,0.20016787086846705,0.20016787086846705
sensor_29,sensor_37,0.20003645294865277,0.20003645294865277
sensor_08,sensor_49,0.19880720425023188,0.19880720425023188
sensor_00,sensor_48,0.19839642779686478,0.19839642779686478
sensor_12,sensor_37,-0.19834006717991415,0.19834006717991415
sensor_10,sensor_26,0.19825226182969086,0.19825226182969086
sensor_42,sensor_47,0.19809774753336798,0.19809774753336798
sensor_32,sensor_48,0.19661152383030753,0.19661152383030753
sensor_03,sensor_44,0.19594885122166086,0.19594885122166086
sensor_06,sensor_39,-0.19555457237344,0.19555457237344
sensor_12,sensor_39,-0.1932886170439644,0.1932886170439644
sensor_27,sensor_37,-0.19283203718998437,0.19283203718998437
sensor_29,sensor_36,0.192089628231433,0.192089628231433
sensor_37,sensor_46,-0.19173793322244098,0.19173793322244098
sensor_02,sensor_34,-0.19160751926924047,0.19160751926924047
sensor_06,sensor_18,0.19099932552568596,0.19099932552568596
sensor_11,sensor_35,0.19079417420626427,0.19079417420626427
sensor_35,sensor_49,0.19043595292604773,0.19043595292604773
sensor_45,sensor_47,0.19027287764973158,0.19027287764973158
sensor_06,sensor_17,0.18924890882745526,0.18924890882745526
sensor_01,sensor_07,0.18901446431883628,0.18901446431883628
sensor_23,sensor_49,0.1865438176509457,0.1865438176509457
sensor_17,sensor_37,-0.18625657635858897,0.18625657635858897
sensor_08,sensor_44,0.18592010438674206,0.18592010438674206
sensor_04,sensor_48,0.18400531869539696,0.18400531869539696
sensor_35,sensor_46,0.18391496122322343,0.18391496122322343
sensor_05,sensor_13,-0.18183682620601463,0.18183682620601463
sensor_37,sensor_44,-0.18181660257546833,0.18181660257546833
sensor_36,sensor_40,0.18169500828571947,0.18169500828571947
sensor_07,sensor_44,0.18049478046160264,0.18049478046160264
sensor_01,sensor_41,0.1798961915878421,0.1798961915878421
sensor_07,sensor_35,0.17936728253419862,0.17936728253419862
sensor_10,sensor_39,-0.1787656765348142,0.1787656765348142
sensor_09,sensor_12,0.17876549731723423,0.17876549731723423
sensor_08,sensor_36,0.1783416552367394,0.1783416552367394
sensor_10,sensor_32,0.17771359922419386,0.17771359922419386
sensor_02,sensor_11,0.17749521899967105,0.17749521899967105
sensor_11,sensor_42,-0.17656717957768955,0.17656717957768955
sensor_18,sensor_37,-0.17571334938845845,0.17571334938845845
sensor_48,sensor_51,0.17539842714673495,0.17539842714673495
sensor_39,sensor_48,-0.1750900274966072,0.1750900274966072
sensor_27,sensor_49,0.17463534615165863,0.17463534615165863
sensor_00,sensor_42,-0.17424559313092375,0.17424559313092375
sensor_02,sensor_51,0.17369703052508648,0.17369703052508648
sensor_05,sensor_38,0.17348270740702765,0.17348270740702765
sensor_02,sensor_37,0.17303548623286988,0.17303548623286988
sensor_13,sensor_41,-0.1728649283788684,0.1728649283788684
sensor_09,sensor_13,0.17202012139320344,0.17202012139320344
sensor_10,sensor_22,0.17176336423178148,0.17176336423178148
sensor_03,sensor_40,0.17157921508549112,0.17157921508549112
sensor_02,sensor_35,-0.1704116880033448,0.1704116880033448
sensor_11,sensor_44,0.16908701641453663,0.16908701641453663
sensor_10,sensor_23,0.16893868130547565,0.16893868130547565
sensor_11,sensor_27,0.16884820647100574,0.16884820647100574
sensor_36,sensor_47,0.1684187876012052,0.1684187876012052
sensor_23,sensor_40,0.16690062432752015,0.16690062432752015
sensor_40,sensor_49,0.1657192004726688,0.1657192004726688
sensor_34,sensor_48,0.1646125034474082,0.1646125034474082
sensor_30,sensor_49,0.16350864029998002,0.16350864029998002
sensor_10,sensor_25,0.16331012622855098,0.16331012622855098
sensor_06,sensor_42,-0.16279811636770686,0.16279811636770686
sensor_09,sensor_48,0.16225806259340497,0.16225806259340497
sensor_23,sensor_44,0.16173476031828343,0.16173476031828343
sensor_01,sensor_09,0.16125232167875317,0.16125232167875317
sensor_01,sensor_38,0.15949511906986336,0.15949511906986336
sensor_11,sensor_41,-0.15916539271278596,0.15916539271278596
sensor_02,sensor_48,0.15885724031135234,0.15885724031135234
sensor_37,sensor_39,0.1582773131263504,0.1582773131263504
sensor_35,sensor_47,0.15769268830339742,0.15769268830339742
sensor_02,sensor_36,-0.15741844273326638,0.15741844273326638
sensor_11,sensor_51,0.1566512464211178,0.1566512464211178
sensor_11,sensor_23,0.15612774043161334,0.15612774043161334
sensor_22,sensor_49,0.15612166067064237,0.15612166067064237
sensor_36,sensor_46,0.15521116696386736,0.15521116696386736
sensor_08,sensor_34,0.15461994790592581,0.15461994790592581
sensor_23,sensor_46,0.15444806956883408,0.15444806956883408
sensor_03,sensor_38,0.1542209851381308,0.1542209851381308
sensor_01,sensor_06,0.15379332791124917,0.15379332791124917
sensor_01,sensor_42,0.15359095043026239,0.15359095043026239
sensor_13,sensor_31,0.15292937313177035,0.15292937313177035
sensor_07,sensor_51,0.15187225992391035,0.15187225992391035
sensor_10,sensor_40,0.15133545436089477,0.15133545436089477
sensor_13,sensor_45,0.1506871237296941,0.1506871237296941
sensor_40,sensor_47,0.15037239797794433,0.15037239797794433
sensor_30,sensor_40,0.15022777284537314,0.15022777284537314
sensor_34,sensor_40,0.1501955267248073,0.1501955267248073
sensor_36,sensor_44,0.14964002121269743,0.14964002121269743
sensor_05,sensor_47,-0.14944627757154993,0.14944627757154993
sensor_08,sensor_23,0.1491356286462322,0.1491356286462322
sensor_07,sensor_39,-0.14881968013225688,0.14881968013225688
sensor_02,sensor_49,0.14872582290007247,0.14872582290007247
sensor_03,sensor_10,0.1487224760629044,0.1487224760629044
sensor_05,sensor_44,-0.1485717965305606,0.1485717965305606
sensor_47,sensor_49,0.14773557841227442,0.14773557841227442
sensor_02,sensor_09,0.14766600068365915,0.14766600068365915
sensor_04,sensor_42,-0.14714318646088156,0.14714318646088156
sensor_05,sensor_07,0.14710983786820556,0.14710983786820556
sensor_34,sensor_47,0.1469631570392144,0.1469631570392144
sensor_01,sensor_14,0.14565108188369824,0.14565108188369824
sensor_03,sensor_45,0.14562766734797533,0.14562766734797533
sensor_01,sensor_43,0.14511048512036911,0.14511048512036911
sensor_13,sensor_33,0.1448438801504036,0.1448438801504036
sensor_30,sensor_44,0.14402576966449931,0.14402576966449931
sensor_03,sensor_43,0.14401015437127473,0.14401015437127473
sensor_01,sensor_21,0.1436694997633269,0.1436694997633269
sensor_10,sensor_20,0.1435795717438549,0.1435795717438549
sensor_01,sensor_20,0.1431772593650003,0.1431772593650003
sensor_10,sensor_14,0.14253375106566207,0.14253375106566207
sensor_01,sensor_48,0.1420651100816227,0.1420651100816227
sensor_10,sensor_21,0.14199484644932336,0.14199484644932336
sensor_01,sensor_19,0.1418518227304667,0.1418518227304667
sensor_01,sensor_16,0.14180384903647028,0.14180384903647028
sensor_20,sensor_49,0.1405826134700162,0.1405826134700162
sensor_10,sensor_19,0.14056106372922197,0.14056106372922197
sensor_43,sensor_45,0.1404201545521623,0.1404201545521623
sensor_33,sensor_48,0.14039256369514036,0.14039256369514036
sensor_19,sensor_49,0.1402911798694253,0.1402911798694253
sensor_31,sensor_48,0.13999118083240014,0.13999118083240014
sensor_38,sensor_43,0.1398864334177828,0.1398864334177828
sensor_12,sensor_40,0.13978847272516795,0.13978847272516795
sensor_14,sensor_49,0.13953338127862128,0.13953338127862128
sensor_21,sensor_49,0.13880577540032815,0.13880577540032815
sensor_05,sensor_12,0.1384200253980113,0.1384200253980113
sensor_01,sensor_25,0.1379467388576011,0.1379467388576011
sensor_06,sensor_47,0.13721977797273704,0.13721977797273704
sensor_08,sensor_30,0.13690031692299579,0.13690031692299579
sensor_08,sensor_47,0.13684333876543986,0.13684333876543986
sensor_05,sensor_43,-0.1368009896933815,0.1368009896933815
sensor_22,sensor_46,0.1363989791046404,0.1363989791046404
sensor_10,sensor_24,0.13588434680025216,0.13588434680025216
sensor_22,sensor_40,0.13542780487769823,0.13542780487769823
sensor_10,sensor_16,0.13503967675611137,0.13503967675611137
sensor_12,sensor_42,-0.13493694376650134,0.13493694376650134
sensor_16,sensor_49,0.13451184173192013,0.13451184173192013
sensor_05,sensor_45,-0.13359558819035766,0.13359558819035766
sensor_42,sensor_48,-0.1332404986266671,0.1332404986266671
sensor_36,sensor_49,0.13294950228415506,0.13294950228415506
sensor_06,sensor_45,0.13264143287771635,0.13264143287771635
sensor_07,sensor_46,0.13263052175811535,0.13263052175811535
sensor_01,sensor_22,0.13249328420857134,0.13249328420857134
sensor_01,sensor_23,0.1319528516123971,0.1319528516123971
sensor_24,sensor_49,0.13173766133966475,0.13173766133966475
sensor_03,sensor_28,-0.1316978247590089,0.1316978247590089
sensor_09,sensor_34,0.13049209255261113,0.13049209255261113
sensor_03,sensor_46,0.1296103604060197,0.1296103604060197
sensor_13,sensor_42,-0.1294292897134443,0.1294292897134443
sensor_26,sensor_40,0.12906790276941954,0.12906790276941954
sensor_01,sensor_24,0.1289703447842548,0.1289703447842548
sensor_37,sensor_38,0.12894002723801626,0.12894002723801626
sensor_02,sensor_28,-0.1273831040622287,0.1273831040622287
sensor_27,sensor_44,0.12733970131344136,0.12733970131344136
sensor_22,sensor_44,0.12700114371596372,0.12700114371596372
sensor_10,sensor_48,0.12699192483418958,0.12699192483418958
sensor_28,sensor_39,0.12697937986863184,0.12697937986863184
sensor_03,sensor_27,0.12578196481784867,0.12578196481784867
sensor_10,sensor_18,0.12544240989937822,0.12544240989937822
sensor_09,sensor_40,0.12509175286946192,0.12509175286946192
sensor_39,sensor_51,-0.12454762367148983,0.12454762367148983
sensor_02,sensor_08,0.12413818592558915,0.12413818592558915
sensor_06,sensor_31,0.12384905824396769,0.12384905824396769
sensor_23,sensor_45,0.12363558966064889,0.12363558966064889
sensor_05,sensor_09,0.12333362931131127,0.12333362931131127
sensor_07,sensor_36,0.12323005666282252,0.12323005666282252
sensor_01,sensor_46,0.12321191299389508,0.12321191299389508
sensor_08,sensor_32,0.122784679971073,0.122784679971073
sensor_08,sensor_46,0.12275511933742517,0.12275511933742517
sensor_05,sensor_11,0.12272729679011032,0.12272729679011032
sensor_05,sensor_49,-0.12249890984481876,0.12249890984481876
sensor_09,sensor_37,-0.12193085385118295,0.12193085385118295
sensor_25,sensor_49,0.1218724037805604,0.1218724037805604
sensor_23,sensor_47,0.1212221972072527,0.1212221972072527
sensor_42,sensor_44,0.12098874768678336,0.12098874768678336
sensor_10,sensor_17,0.12048212056218345,0.12048212056218345
sensor_03,sensor_41,0.12044385755728984,0.12044385755728984
sensor_08,sensor_26,0.11990159955873513,0.11990159955873513
sensor_01,sensor_17,0.11926858030656798,0.11926858030656798
sensor_03,sensor_47,0.11904283427312724,0.11904283427312724
sensor_30,sensor_46,0.11902401822512791,0.11902401822512791
sensor_32,sensor_47,0.11874861042700893,0.11874861042700893
sensor_13,sensor_39,-0.11779153894361843,0.11779153894361843
sensor_24,sensor_40,0.11673426250341151,0.11673426250341151
sensor_07,sensor_47,0.11667100227533016,0.11667100227533016
sensor_09,sensor_35,0.11599870874235121,0.11599870874235121
sensor_26,sensor_47,0.11594429595195653,0.11594429595195653
sensor_07,sensor_23,0.11584367204036944,0.11584367204036944
sensor_02,sensor_24,-0.11542417632372454,0.11542417632372454
sensor_07,sensor_30,0.11537596463916118,0.11537596463916118
sensor_41,sensor_44,0.1149352229254703,0.1149352229254703
sensor_21,sensor_44,0.11490334485647848,0.11490334485647848
sensor_20,sensor_44,0.11481425839140015,0.11481425839140015
sensor_02,sensor_23,-0.11467767733354092,0.11467767733354092
sensor_26,sensor_46,0.11397851619145412,0.11397851619145412
sensor_19,sensor_44,0.11392749910249778,0.11392749910249778
sensor_38,sensor_48,-0.11381718693520651,0.11381718693520651
sensor_08,sensor_22,0.11346181605877964,0.11346181605877964
sensor_01,sensor_18,0.11321418425107979,0.11321418425107979
sensor_14,sensor_44,0.11314669745215,0.11314669745215
sensor_21,sensor_40,0.11304133283510784,0.11304133283510784
sensor_19,sensor_46,0.11267453272336031,0.11267453272336031
sensor_17,sensor_49,0.11257847352781888,0.11257847352781888
sensor_01,sensor_47,0.11220131082097905,0.11220131082097905
sensor_30,sensor_45,0.1121885914157849,0.1121885914157849
sensor_12,sensor_41,-0.11183221370025846,0.11183221370025846
sensor_20,sensor_40,0.11143242219604003,0.11143242219604003
sensor_02,sensor_41,0.11136253395375674,0.11136253395375674
sensor_06,sensor_41,-0.11135255944600574,0.11135255944600574
sensor_20,sensor_46,0.11133520892673893,0.11133520892673893
sensor_31,sensor_37,-0.11133004309730136,0.11133004309730136
sensor_16,sensor_44,0.11128191534966089,0.11128191534966089
sensor_25,sensor_46,0.11121513333890971,0.11121513333890971
sensor_01,sensor_35,0.111005048676098,0.111005048676098
sensor_09,sensor_47,0.11094157011049406,0.11094157011049406
sensor_05,sensor_36,-0.11092074144277525,0.11092074144277525
sensor_19,sensor_40,0.11089071319025962,0.11089071319025962
sensor_12,sensor_44,0.11063184905805702,0.11063184905805702
sensor_11,sensor_28,-0.11060345173040718,0.11060345173040718
sensor_11,sensor_32,0.11050762454350915,0.11050762454350915
sensor_08,sensor_39,-0.11016365226206509,0.11016365226206509
sensor_02,sensor_26,-0.10999558740520089,0.10999558740520089
sensor_21,sensor_46,0.10983179758092097,0.10983179758092097
sensor_14,sensor_46,0.10948478498070795,0.10948478498070795
sensor_04,sensor_13,0.10936872734261197,0.10936872734261197
sensor_27,sensor_40,0.10926900915521251,0.10926900915521251
sensor_24,sensor_46,0.10925961895207895,0.10925961895207895
sensor_01,sensor_40,0.10920043658805424,0.10920043658805424
sensor_16,sensor_40,0.10918895559491643,0.10918895559491643
sensor_24,sensor_44,0.10900115120331767,0.10900115120331767
sensor_03,sensor_37,-0.10869062152933852,0.10869062152933852
sensor_02,sensor_05,0.1085535225077613,0.1085535225077613
sensor_02,sensor_17,-0.10840018045782883,0.10840018045782883
sensor_18,sensor_49,0.10836245781592284,0.10836245781592284
sensor_27,sensor_45,0.10813620848583654,0.10813620848583654
sensor_14,sensor_40,0.10693960812584076,0.10693960812584076
sensor_35,sensor_43,0.10652450380366285,0.10652450380366285
sensor_05,sensor_41,0.10645108605196367,0.10645108605196367
sensor_09,sensor_32,0.10640781745025604,0.10640781745025604
sensor_28,sensor_42,0.10632635822177809,0.10632635822177809
sensor_05,sensor_40,-0.10631279234855767,0.10631279234855767
sensor_06,sensor_33,0.10617807960567807,0.10617807960567807
sensor_03,sensor_29,-0.10608662483493587,0.10608662483493587
sensor_00,sensor_13,0.10607799242554558,0.10607799242554558
sensor_22,sensor_45,0.10589997506876989,0.10589997506876989
sensor_16,sensor_46,0.10536771940762041,0.10536771940762041
sensor_02,sensor_16,-0.10521941352817889,0.10521941352817889
sensor_07,sensor_27,0.1050854137556052,0.1050854137556052
sensor_06,sensor_29,-0.10461720289063696,0.10461720289063696
sensor_25,sensor_40,0.1045765661843221,0.1045765661843221
sensor_02,sensor_22,-0.10446985623219336,0.10446985623219336
sensor_32,sensor_40,0.10437358462957118,0.10437358462957118
sensor_07,sensor_45,0.10431805269239097,0.10431805269239097
sensor_07,sensor_34,0.10389661496655528,0.10389661496655528
sensor_08,sensor_51,0.1038519721844446,0.1038519721844446
sensor_02,sensor_19,-0.1034757640542513,0.1034757640542513
sensor_22,sensor_47,0.10327343130555862,0.10327343130555862
sensor_10,sensor_31,0.10311349212951412,0.10311349212951412
sensor_02,sensor_39,-0.10288416654296054,0.10288416654296054
sensor_36,sensor_43,0.10248605000424496,0.10248605000424496
sensor_47,sensor_48,0.10243065948094918,0.10243065948094918
sensor_11,sensor_45,0.10236444444107341,0.10236444444107341
sensor_25,sensor_44,0.10233493862209096,0.10233493862209096
sensor_08,sensor_27,0.10214060979551048,0.10214060979551048
sensor_02,sensor_14,-0.10204209221220299,0.10204209221220299
sensor_35,sensor_45,0.10195408832282887,0.10195408832282887
sensor_08,sensor_45,0.1016089364330525,0.1016089364330525
sensor_19,sensor_45,0.10069206592017446,0.10069206592017446
sensor_02,sensor_20,-0.10069145857458378,0.10069145857458378
sensor_44,sensor_51,0.10048596953733076,0.10048596953733076
sensor_17,sensor_40,0.10045075826513337,0.10045075826513337
sensor_10,sensor_13,0.10030171116209916,0.10030171116209916
sensor_13,sensor_47,0.0999389082380357,0.0999389082380357
sensor_10,sensor_43,0.09989220833004615,0.09989220833004615
sensor_05,sensor_08,0.09973450466875028,0.09973450466875028
sensor_20,sensor_45,0.09968066229637622,0.09968066229637622
sensor_02,sensor_21,-0.09953661163326148,0.09953661163326148
sensor_08,sensor_24,0.09919192412531021,0.09919192412531021
sensor_12,sensor_51,0.09910494398854555,0.09910494398854555
sensor_05,sensor_32,-0.0990083516737223,0.0990083516737223
sensor_01,sensor_33,0.09894746397552344,0.09894746397552344
sensor_14,sensor_45,0.09851205064682754,0.09851205064682754
sensor_21,sensor_45,0.09837872487183826,0.09837872487183826
sensor_05,sensor_35,-0.09793264446426371,0.09793264446426371
sensor_18,sensor_40,0.09732840440887666,0.09732840440887666
sensor_38,sensor_44,0.09717662987875778,0.09717662987875778
sensor_00,sensor_34,0.09687248616091582,0.09687248616091582
sensor_28,sensor_41,0.09652674127840927,0.09652674127840927
sensor_26,sensor_44,0.09628956900389972,0.09628956900389972
sensor_16,sensor_45,0.09578460759058868,0.09578460759058868
sensor_08,sensor_21,0.09553283948057018,0.09553283948057018
sensor_10,sensor_28,0.0954511012673756,0.0954511012673756
sensor_40,sensor_41,0.09527014803926775,0.09527014803926775
sensor_12,sensor_28,-0.09506657273229786,0.09506657273229786
sensor_08,sensor_20,0.09497512187438817,0.09497512187438817
sensor_12,sensor_30,0.09493819406676868,0.09493819406676868
sensor_08,sensor_14,0.09483943513787656,0.09483943513787656
sensor_01,sensor_04,0.09480216485558256,0.09480216485558256
sensor_07,sensor_42,-0.09473922812449405,0.09473922812449405
sensor_43,sensor_49,0.09469096989928685,0.09469096989928685
sensor_08,sensor_19,0.09449003712379972,0.09449003712379972
sensor_09,sensor_36,0.09442310947822626,0.09442310947822626
sensor_24,sensor_45,0.09405964624255375,0.09405964624255375
sensor_08,sensor_16,0.09403390161698073,0.09403390161698073
sensor_25,sensor_47,0.0939471679091853,0.0939471679091853
sensor_03,sensor_35,0.09359264767613587,0.09359264767613587
sensor_02,sensor_25,-0.09335268237694042,0.09335268237694042
sensor_11,sensor_46,0.09330283950584235,0.09330283950584235
sensor_14,sensor_47,0.09322672916400603,0.09322672916400603
sensor_10,sensor_46,0.09317792571601477,0.09317792571601477
sensor_40,sensor_45,0.09304602860218233,0.09304602860218233
sensor_02,sensor_18,-0.09302550689892625,0.09302550689892625
sensor_08,sensor_25,0.09288141310793213,0.09288141310793213
sensor_25,sensor_45,0.09271095287779316,0.09271095287779316
sensor_32,sensor_46,0.09244831094287048,0.09244831094287048
sensor_00,sensor_01,0.09179898624941044,0.09179898624941044
sensor_09,sensor_26,0.09170455950918055,0.09170455950918055
sensor_12,sensor_27,0.09166771064636386,0.09166771064636386
sensor_04,sensor_46,-0.09158009932195342,0.09158009932195342
sensor_20,sensor_47,0.09155890305556665,0.09155890305556665
sensor_05,sensor_30,-0.09152889672691628,0.09152889672691628
sensor_11,sensor_36,0.09086327983866337,0.09086327983866337
sensor_19,sensor_47,0.09059612542240794,0.09059612542240794
sensor_16,sensor_47,0.0893769518877759,0.0893769518877759
sensor_00,sensor_37,-0.08932474068584337,0.08932474068584337
sensor_12,sensor_23,0.08927308278305246,0.08927308278305246
sensor_39,sensor_47,0.08917906031941036,0.08917906031941036
sensor_21,sensor_47,0.08914179264467802,0.08914179264467802
sensor_07,sensor_28,-0.0887757912382957,0.0887757912382957
sensor_05,sensor_23,-0.08862913491812725,0.08862913491812725
sensor_01,sensor_30,0.08862804540353306,0.08862804540353306
sensor_17,sensor_44,0.08853376284830021,0.08853376284830021
sensor_11,sensor_22,0.08834518827223087,0.08834518827223087
sensor_11,sensor_26,0.08813881503337688,0.08813881503337688
sensor_10,sensor_45,-0.08792714799665974,0.08792714799665974
sensor_00,sensor_49,0.08732577497667157,0.08732577497667157
sensor_43,sensor_48,0.08710211851574348,0.08710211851574348
sensor_24,sensor_47,0.08695679553345968,0.08695679553345968
sensor_09,sensor_23,0.08617473910360639,0.08617473910360639
sensor_17,sensor_46,0.0860206872645482,0.0860206872645482
sensor_32,sensor_44,0.08578367250515782,0.08578367250515782
sensor_02,sensor_31,-0.08571754818924904,0.08571754818924904
sensor_09,sensor_44,0.08547765765593938,0.08547765765593938
sensor_13,sensor_43,0.08489848313182907,0.08489848313182907
sensor_04,sensor_45,-0.0847142359767327,0.0847142359767327
sensor_04,sensor_49,0.08427610501663607,0.08427610501663607
sensor_18,sensor_44,0.08416634697777357,0.08416634697777357
sensor_10,sensor_42,-0.08330594570649232,0.08330594570649232
sensor_11,sensor_24,0.08307883524825763,0.08307883524825763
sensor_02,sensor_45,0.08296491020254226,0.08296491020254226
sensor_03,sensor_42,0.08280627744743607,0.08280627744743607
sensor_01,sensor_26,0.08240363838988846,0.08240363838988846
sensor_08,sensor_43,0.08231995056439007,0.08231995056439007
sensor_01,sensor_27,0.08221158573675645,0.08221158573675645
sensor_27,sensor_46,0.08187129907435527,0.08187129907435527
sensor_34,sensor_46,0.08145814005847034,0.08145814005847034
sensor_30,sensor_47,0.08127451714395086,0.08127451714395086
sensor_08,sensor_18,0.08116457949058059,0.08116457949058059
sensor_18,sensor_46,0.08075033155355202,0.08075033155355202
sensor_08,sensor_17,0.08049146294039873,0.08049146294039873
sensor_26,sensor_49,0.08039415051232655,0.08039415051232655
sensor_01,sensor_36,0.0799229306460503,0.0799229306460503
sensor_07,sensor_32,0.0793620680612905,0.0793620680612905
sensor_07,sensor_43,0.07896120957974968,0.07896120957974968
sensor_07,sensor_22,0.07879230208641873,0.07879230208641873
sensor_34,sensor_43,0.07806645486036785,0.07806645486036785
sensor_23,sensor_43,0.07786212360137672,0.07786212360137672
sensor_02,sensor_38,0.07780981711907825,0.07780981711907825
sensor_03,sensor_17,-0.07776868719378018,0.07776868719378018
sensor_10,sensor_30,0.07630393528109322,0.07630393528109322
sensor_12,sensor_45,0.07591572193514295,0.07591572193514295
sensor_17,sensor_45,0.07583593432270547,0.07583593432270547
sensor_10,sensor_33,0.07570249273799853,0.07570249273799853
sensor_05,sensor_22,-0.07517848337619336,0.07517848337619336
sensor_02,sensor_30,-0.0748746812165586,0.0748746812165586
sensor_26,sensor_43,0.0745506541015547,0.0745506541015547
sensor_33,sensor_37,-0.07448651411955574,0.07448651411955574
sensor_00,sensor_41,-0.07376625900684056,0.07376625900684056
sensor_11,sensor_18,0.0732866567148902,0.0732866567148902
sensor_33,sensor_47,0.07314448624617181,0.07314448624617181
sensor_06,sensor_43,0.0728813348318073,0.0728813348318073
sensor_37,sensor_47,-0.07207900540617981,0.07207900540617981
sensor_04,sensor_40,0.07176788926934134,0.07176788926934134
sensor_02,sensor_32,-0.07135551918322695,0.07135551918322695
sensor_09,sensor_30,0.07075914138499254,0.07075914138499254
sensor_09,sensor_22,0.07048999351592959,0.07048999351592959
sensor_01,sensor_29,0.07037950151375222,0.07037950151375222
sensor_33,sensor_40,0.07025982672763813,0.07025982672763813
sensor_05,sensor_51,0.07006733051100832,0.07006733051100832
sensor_11,sensor_21,0.06974125210034823,0.06974125210034823
sensor_37,sensor_45,-0.06970058680161514,0.06970058680161514
sensor_09,sensor_39,-0.06962997143718232,0.06962997143718232
sensor_36,sensor_51,0.06962542397098602,0.06962542397098602
sensor_11,sensor_19,0.0695708054004855,0.0695708054004855
sensor_34,sensor_44,0.06946328014746471,0.06946328014746471
sensor_11,sensor_17,0.069357613896211,0.069357613896211
sensor_07,sensor_17,0.0693221939931686,0.0693221939931686
sensor_07,sensor_16,0.06928386035920729,0.06928386035920729
sensor_07,sensor_14,0.06925244703660652,0.06925244703660652
sensor_09,sensor_46,0.06918680460995348,0.06918680460995348
sensor_32,sensor_43,0.0690691819779961,0.0690691819779961
sensor_07,sensor_26,0.06904617367653615,0.06904617367653615
sensor_09,sensor_49,0.06899889752747189,0.06899889752747189
sensor_11,sensor_20,0.06888325494933482,0.06888325494933482
sensor_18,sensor_45,0.06879972825479837,0.06879972825479837
sensor_05,sensor_26,-0.06871675789496955,0.06871675789496955
sensor_00,sensor_40,0.068693698781891,0.068693698781891
sensor_00,sensor_45,-0.06853801307972726,0.06853801307972726
sensor_11,sensor_34,0.06828219417103504,0.06828219417103504
sensor_11,sensor_14,0.06798644626987457,0.06798644626987457
sensor_31,sensor_39,0.06784077667759891,0.06784077667759891
sensor_12,sensor_46,0.06761163732758442,0.06761163732758442
sensor_11,sensor_16,0.06712821620977086,0.06712821620977086
sensor_17,sensor_47,0.06689288060371677,0.06689288060371677
sensor_30,sensor_43,0.06678833090331468,0.06678833090331468
sensor_26,sensor_45,0.06675802659968733,0.06675802659968733
sensor_07,sensor_24,0.06629434842380094,0.06629434842380094
sensor_12,sensor_22,0.06601326167296244,0.06601326167296244
sensor_47,sensor_51,0.0658973140572805,0.0658973140572805
sensor_03,sensor_18,-0.06549873442085843,0.06549873442085843
sensor_31,sensor_47,0.06544279427107715,0.06544279427107715
sensor_04,sensor_37,-0.0649823773312162,0.0649823773312162
sensor_02,sensor_33,-0.06475323131264657,0.06475323131264657
sensor_07,sensor_18,0.06473193600893269,0.06473193600893269
sensor_31,sensor_40,0.06455094009019299,0.06455094009019299
sensor_01,sensor_39,0.06416140895787001,0.06416140895787001
sensor_33,sensor_44,0.06395659532289588,0.06395659532289588
sensor_00,sensor_46,-0.06300559488485186,0.06300559488485186
sensor_45,sensor_51,0.06297134007484827,0.06297134007484827
sensor_33,sensor_39,0.06229385185533886,0.06229385185533886
sensor_33,sensor_49,0.061967088533481825,0.061967088533481825
sensor_11,sensor_33,0.06195814783687087,0.06195814783687087
sensor_11,sensor_25,0.06186834273222881,0.06186834273222881
sensor_09,sensor_51,0.06152346086772471,0.06152346086772471
sensor_33,sensor_45,0.061462261056831495,0.061462261056831495
sensor_04,sensor_34,0.061082267425584834,0.061082267425584834
sensor_18,sensor_47,0.061018409325458225,0.061018409325458225
sensor_03,sensor_24,-0.06076707129683007,0.06076707129683007
sensor_07,sensor_19,0.06037109637976452,0.06037109637976452
sensor_22,sensor_43,0.05976590372190415,0.05976590372190415
sensor_29,sensor_42,0.059654679750811,0.059654679750811
sensor_07,sensor_20,0.058915504582698015,0.058915504582698015
sensor_09,sensor_25,0.05887042401404078,0.05887042401404078
sensor_33,sensor_46,0.05831637479754073,0.05831637479754073
sensor_12,sensor_35,0.058139833598649174,0.058139833598649174
sensor_07,sensor_21,0.05758651827040447,0.05758651827040447
sensor_09,sensor_24,0.057216989693638254,0.057216989693638254
sensor_32,sensor_39,0.057107432427579694,0.057107432427579694
sensor_21,sensor_43,0.056800853575318534,0.056800853575318534
sensor_00,sensor_43,-0.05677224663548636,0.05677224663548636
sensor_39,sensor_44,0.05668295496385076,0.05668295496385076
sensor_12,sensor_24,0.0566192194138482,0.0566192194138482
sensor_05,sensor_06,0.056574669618051875,0.056574669618051875
sensor_39,sensor_49,-0.056503185387078866,0.056503185387078866
sensor_03,sensor_16,-0.056471726277206064,0.056471726277206064
sensor_09,sensor_43,0.05647078147088415,0.05647078147088415
sensor_12,sensor_36,0.0562647834378419,0.0562647834378419
sensor_25,sensor_51,0.05614639886353966,0.05614639886353966
sensor_20,sensor_43,0.055726244650404086,0.055726244650404086
sensor_33,sensor_42,0.055464409651452426,0.055464409651452426
sensor_24,sensor_43,0.05536210696798983,0.05536210696798983
sensor_02,sensor_44,0.05508156380561253,0.05508156380561253
sensor_01,sensor_31,0.054946017972598224,0.054946017972598224
sensor_03,sensor_51,0.05475212568718156,0.05475212568718156
sensor_19,sensor_43,0.05445710660327181,0.05445710660327181
sensor_08,sensor_31,0.05443407182833993,0.05443407182833993
sensor_31,sensor_44,0.05442872704052529,0.05442872704052529
sensor_07,sensor_29,-0.05423425106736935,0.05423425106736935
sensor_03,sensor_36,0.054189422591004587,0.054189422591004587
sensor_36,sensor_45,0.05418006679131196,0.05418006679131196
sensor_09,sensor_16,0.05412780782250646,0.05412780782250646
sensor_09,sensor_14,0.05402752293517844,0.05402752293517844
sensor_03,sensor_14,-0.05401049764852113,0.05401049764852113
sensor_08,sensor_42,-0.053987979596681196,0.053987979596681196
sensor_03,sensor_25,-0.05377340199174592,0.05377340199174592
sensor_12,sensor_21,0.05359493744159284,0.05359493744159284
sensor_09,sensor_21,0.05341068264700012,0.05341068264700012
sensor_04,sensor_23,0.05336997238333885,0.05336997238333885
sensor_08,sensor_33,0.05331770793159955,0.05331770793159955
sensor_09,sensor_20,0.05325107357560148,0.05325107357560148
sensor_04,sensor_26,0.05316963771405891,0.05316963771405891
sensor_31,sensor_49,0.053158080189179086,0.053158080189179086
sensor_09,sensor_19,0.053056174573925106,0.053056174573925106
sensor_09,sensor_38,0.052752346837182565,0.052752346837182565
sensor_04,sensor_41,-0.05257282584070967,0.05257282584070967
sensor_03,sensor_19,-0.05254627803710466,0.05254627803710466
sensor_02,sensor_29,0.05249819215623161,0.05249819215623161
sensor_01,sensor_28,0.05204709959202866,0.05204709959202866
sensor_42,sensor_51,-0.052011937765198954,0.052011937765198954
sensor_05,sensor_34,-0.05201080858903546,0.05201080858903546
sensor_25,sensor_43,0.051989085187031665,0.051989085187031665
sensor_12,sensor_20,0.0518690385148968,0.0518690385148968
sensor_07,sensor_25,0.051796030343617905,0.051796030343617905
sensor_29,sensor_39,0.05158186783251981,0.05158186783251981
sensor_26,sensor_39,0.051256657079903865,0.051256657079903865
sensor_04,sensor_25,0.051152895222574275,0.051152895222574275
sensor_13,sensor_38,-0.05097747938506654,0.05097747938506654
sensor_31,sensor_42,0.05075183947980295,0.05075183947980295
sensor_08,sensor_38,0.05068386095440115,0.05068386095440115
sensor_09,sensor_18,0.05065982011283027,0.05065982011283027
sensor_05,sensor_25,-0.04992713138865168,0.04992713138865168
sensor_05,sensor_24,-0.049889721641632696,0.049889721641632696
sensor_14,sensor_43,0.04986357700457354,0.04986357700457354
sensor_04,sensor_43,-0.04975209716937692,0.04975209716937692
sensor_16,sensor_43,0.04964201229353094,0.04964201229353094
sensor_12,sensor_25,0.0495132551922762,0.0495132551922762
sensor_02,sensor_47,0.04939760180471597,0.04939760180471597
sensor_05,sensor_19,-0.04921284994808282,0.04921284994808282
sensor_28,sensor_47,0.04901979407858406,0.04901979407858406
sensor_09,sensor_17,0.048976899674306046,0.048976899674306046
sensor_04,sensor_18,0.04884418163311668,0.04884418163311668
sensor_03,sensor_20,-0.04882861035962839,0.04882861035962839
sensor_02,sensor_43,0.04864153224904487,0.04864153224904487
sensor_34,sensor_39,0.04846317097185029,0.04846317097185029
sensor_11,sensor_31,0.04834306964491578,0.04834306964491578
sensor_09,sensor_27,0.04824264223971024,0.04824264223971024
sensor_02,sensor_13,-0.04803731732403259,0.04803731732403259
sensor_35,sensor_51,0.0478921672113775,0.0478921672113775
sensor_22,sensor_51,0.0477291280656231,0.0477291280656231
sensor_29,sensor_41,0.0476841039748722,0.0476841039748722
sensor_12,sensor_19,0.04749013392434784,0.04749013392434784
sensor_14,sensor_51,0.047357835291753865,0.047357835291753865
sensor_03,sensor_21,-0.04684462413217561,0.04684462413217561
sensor_18,sensor_51,0.04681667544210236,0.04681667544210236
sensor_37,sensor_51,-0.046694048865547184,0.046694048865547184
sensor_33,sensor_43,0.04662023646523718,0.04662023646523718
sensor_20,sensor_51,0.04652940354902868,0.04652940354902868
sensor_19,sensor_51,0.04642565027648327,0.04642565027648327
sensor_05,sensor_20,-0.046220587590249225,0.046220587590249225
sensor_09,sensor_31,0.046140205541443914,0.046140205541443914
sensor_28,sensor_49,-0.046058293480836794,0.046058293480836794
sensor_03,sensor_30,0.046051948968374744,0.046051948968374744
sensor_21,sensor_51,0.04579517570048865,0.04579517570048865
sensor_05,sensor_14,-0.045778048348695956,0.045778048348695956
sensor_16,sensor_51,0.04558927453508375,0.04558927453508375
sensor_10,sensor_38,0.04502742595311907,0.04502742595311907
sensor_42,sensor_46,0.04495167815213065,0.04495167815213065
sensor_34,sensor_51,0.04482059456914989,0.04482059456914989
sensor_12,sensor_26,0.044645892888515046,0.044645892888515046
sensor_00,sensor_28,-0.04458542875824868,0.04458542875824868
sensor_17,sensor_51,0.04429642781279836,0.04429642781279836
sensor_11,sensor_43,0.04426919926604972,0.04426919926604972
sensor_07,sensor_38,0.043960230985145836,0.043960230985145836
sensor_21,sensor_39,0.04355628782633617,0.04355628782633617
sensor_32,sensor_42,0.04354775160342582,0.04354775160342582
sensor_04,sensor_22,0.04346606885977818,0.04346606885977818
sensor_27,sensor_43,0.043399764459224964,0.043399764459224964
sensor_04,sensor_21,0.043148461244975546,0.043148461244975546
sensor_02,sensor_46,0.04312927957685258,0.04312927957685258
sensor_03,sensor_33,-0.04298489588785057,0.04298489588785057
sensor_20,sensor_39,0.042919427970393643,0.042919427970393643
sensor_34,sensor_45,-0.04287649215561944,0.04287649215561944
sensor_31,sensor_46,0.04269706058665386,0.04269706058665386
sensor_14,sensor_39,0.04243412173287573,0.04243412173287573
sensor_00,sensor_35,0.04230313842031214,0.04230313842031214
sensor_02,sensor_42,0.04191075742987301,0.04191075742987301
sensor_32,sensor_49,0.0419013959416606,0.0419013959416606
sensor_05,sensor_21,-0.04182670489329673,0.04182670489329673
sensor_46,sensor_51,0.041717374094171096,0.041717374094171096
sensor_04,sensor_20,0.04164589467430663,0.04164589467430663
sensor_05,sensor_16,-0.041461653399395115,0.041461653399395115
sensor_19,sensor_39,0.04132087956670082,0.04132087956670082
sensor_16,sensor_39,0.04118206508369343,0.04118206508369343
sensor_00,sensor_36,0.04101844575278201,0.04101844575278201
sensor_35,sensor_38,0.040660004038159635,0.040660004038159635
sensor_05,sensor_28,0.04065634466062566,0.04065634466062566
sensor_28,sensor_38,0.04030118991902739,0.04030118991902739
sensor_04,sensor_47,-0.040215455376099066,0.040215455376099066
sensor_01,sensor_34,-0.040210477902263675,0.040210477902263675
sensor_04,sensor_32,0.040151328479464635,0.040151328479464635
sensor_07,sensor_41,-0.04014325056569511,0.04014325056569511
sensor_26,sensor_42,0.04010430542771207,0.04010430542771207
sensor_05,sensor_18,-0.0399110779914021,0.0399110779914021
sensor_01,sensor_51,0.03971874971764534,0.03971874971764534
sensor_23,sensor_51,0.03967774065900085,0.03967774065900085
sensor_04,sensor_35,0.03963955193289841,0.03963955193289841
sensor_05,sensor_27,-0.039570883839308436,0.039570883839308436
sensor_08,sensor_29,-0.039213388700932175,0.039213388700932175
sensor_09,sensor_33,0.039178180914520404,0.039178180914520404
sensor_11,sensor_47,0.03914217194187905,0.03914217194187905
sensor_25,sensor_39,0.03912354570864282,0.03912354570864282
sensor_04,sensor_14,0.038803494347012725,0.038803494347012725
sensor_13,sensor_29,-0.03878272165084836,0.03878272165084836
sensor_33,sensor_41,0.03871247038565754,0.03871247038565754
sensor_31,sensor_43,0.03853926016242188,0.03853926016242188
sensor_42,sensor_45,0.038495122424822406,0.038495122424822406
sensor_18,sensor_43,0.038415617349906284,0.038415617349906284
sensor_04,sensor_19,0.03803172505045548,0.03803172505045548
sensor_04,sensor_36,0.03794163952954039,0.03794163952954039
sensor_01,sensor_05,0.03771796660471591,0.03771796660471591
sensor_17,sensor_43,0.03765011146463468,0.03765011146463468
sensor_04,sensor_24,0.03743196278672466,0.03743196278672466
sensor_27,sensor_38,0.03738864834999344,0.03738864834999344
sensor_05,sensor_17,-0.03736844940367342,0.03736844940367342
sensor_12,sensor_14,0.03721788971710842,0.03721788971710842
sensor_09,sensor_45,0.03709660174566636,0.03709660174566636
sensor_28,sensor_37,0.03694810226850669,0.03694810226850669
sensor_00,sensor_26,0.03694386541807613,0.03694386541807613
sensor_10,sensor_41,0.03672872713223255,0.03672872713223255
sensor_29,sensor_45,0.03614770814361812,0.03614770814361812
sensor_39,sensor_46,-0.03614706910090735,0.03614706910090735
sensor_06,sensor_28,-0.036024364219192875,0.036024364219192875
sensor_04,sensor_27,0.035880869435303345,0.035880869435303345
sensor_27,sensor_47,0.035837292822842856,0.035837292822842856
sensor_24,sensor_39,0.03547513500920302,0.03547513500920302
sensor_04,sensor_16,0.03508968405374201,0.03508968405374201
sensor_01,sensor_37,0.0348788232451434,0.0348788232451434
sensor_01,sensor_32,0.034578310641002794,0.034578310641002794
sensor_12,sensor_16,0.034359462748519434,0.034359462748519434
sensor_32,sensor_45,0.033770806043660305,0.033770806043660305
sensor_38,sensor_46,-0.03346359201528953,0.03346359201528953
sensor_24,sensor_51,0.03338528201264498,0.03338528201264498
sensor_11,sensor_29,-0.033368429379073264,0.033368429379073264
sensor_04,sensor_17,0.03270239787103356,0.03270239787103356
sensor_26,sensor_51,0.03257607704762118,0.03257607704762118
sensor_07,sensor_33,0.03240099994073289,0.03240099994073289
sensor_21,sensor_42,0.03195653420406235,0.03195653420406235
sensor_20,sensor_42,0.03161504275307534,0.03161504275307534
sensor_33,sensor_38,0.03147262462935108,0.03147262462935108
sensor_05,sensor_33,-0.03118642592547026,0.03118642592547026
sensor_36,sensor_38,0.03116183205196359,0.03116183205196359
sensor_31,sensor_45,0.031010077909049475,0.031010077909049475
sensor_09,sensor_41,0.030601130016282018,0.030601130016282018
sensor_31,sensor_41,0.03052888514393391,0.03052888514393391
sensor_41,sensor_49,-0.03031699792308333,0.03031699792308333
sensor_01,sensor_13,0.030237485101347574,0.030237485101347574
sensor_25,sensor_42,0.03016434653040659,0.03016434653040659
sensor_14,sensor_42,0.030121583252986903,0.030121583252986903
sensor_43,sensor_51,-0.030094472257514156,0.030094472257514156
sensor_04,sensor_30,0.02970043485902946,0.02970043485902946
sensor_30,sensor_41,-0.029677511426016143,0.029677511426016143
sensor_19,sensor_42,0.029468051570629632,0.029468051570629632
sensor_00,sensor_23,0.029441916852043497,0.029441916852043497
sensor_17,sensor_39,0.02904849681302539,0.02904849681302539
sensor_00,sensor_29,-0.02874245128977978,0.02874245128977978
sensor_27,sensor_41,-0.02859689272449339,0.02859689272449339
sensor_12,sensor_34,-0.028387717414662988,0.028387717414662988
sensor_04,sensor_28,-0.027494997188825115,0.027494997188825115
sensor_23,sensor_39,0.027461245109178193,0.027461245109178193
sensor_00,sensor_18,0.02741527868251794,0.02741527868251794
sensor_11,sensor_38,-0.027366785384164944,0.027366785384164944
sensor_03,sensor_22,-0.02721231886220688,0.02721231886220688
sensor_16,sensor_42,0.027158742737168742,0.027158742737168742
sensor_00,sensor_32,0.02661245777314072,0.02661245777314072
sensor_18,sensor_39,0.02653352600121898,0.02653352600121898
sensor_10,sensor_49,-0.02632973343148729,0.02632973343148729
sensor_00,sensor_25,0.02630917230408251,0.02630917230408251
sensor_31,sensor_38,0.02616319191954085,0.02616319191954085
sensor_03,sensor_26,-0.02612485704502496,0.02612485704502496
sensor_22,sensor_39,0.026095826935800936,0.026095826935800936
sensor_02,sensor_27,-0.025372066141194152,0.025372066141194152
sensor_30,sensor_51,0.02506237784412664,0.02506237784412664
sensor_36,sensor_39,0.02498518123936532,0.02498518123936532
sensor_35,sensor_41,-0.024873941143708705,0.024873941143708705
sensor_07,sensor_31,0.023963508382210036,0.023963508382210036
sensor_00,sensor_27,0.023953302190988346,0.023953302190988346
sensor_03,sensor_31,-0.023929299116001296,0.023929299116001296
sensor_00,sensor_44,-0.0237938486933403,0.0237938486933403
sensor_32,sensor_41,0.02367232892646819,0.02367232892646819
sensor_28,sensor_43,0.023405589946767103,0.023405589946767103
sensor_12,sensor_38,-0.023399915805879325,0.023399915805879325
sensor_00,sensor_33,-0.023088702202945434,0.023088702202945434
sensor_33,sensor_51,0.021951849250507357,0.021951849250507357
sensor_24,sensor_42,0.021850005650195386,0.021850005650195386
sensor_39,sensor_45,-0.021822048592551657,0.021822048592551657
sensor_36,sensor_42,0.0217146538608671,0.0217146538608671
sensor_40,sensor_51,-0.02164874453060076,0.02164874453060076
sensor_03,sensor_39,-0.02164717067025752,0.02164717067025752
sensor_08,sensor_28,-0.021621065827556348,0.021621065827556348
sensor_22,sensor_41,-0.021562077043646797,0.021562077043646797
sensor_29,sensor_44,-0.021455473235214437,0.021455473235214437
sensor_38,sensor_51,-0.02127372074482689,0.02127372074482689
sensor_12,sensor_31,0.021269683749904098,0.021269683749904098
sensor_00,sensor_22,0.021097405138419192,0.021097405138419192
sensor_09,sensor_29,-0.021070556592953704,0.021070556592953704
sensor_34,sensor_38,0.020033483639674554,0.020033483639674554
sensor_23,sensor_41,-0.01996558757895495,0.01996558757895495
sensor_28,sensor_48,-0.01991156869177414,0.01991156869177414
sensor_12,sensor_18,0.01990985529270189,0.01990985529270189
sensor_09,sensor_42,-0.01975738524782965,0.01975738524782965
sensor_35,sensor_39,0.0196665698506096,0.0196665698506096
sensor_03,sensor_23,0.019310921426344597,0.019310921426344597
sensor_29,sensor_40,-0.019254014566018923,0.019254014566018923
sensor_41,sensor_45,0.019244731653493087,0.019244731653493087
sensor_00,sensor_47,-0.019204601942810692,0.019204601942810692
sensor_05,sensor_29,0.01903158667105616,0.01903158667105616
sensor_06,sensor_38,0.019028902223917423,0.019028902223917423
sensor_12,sensor_32,0.01837282987449592,0.01837282987449592
sensor_32,sensor_51,0.018197536474938544,0.018197536474938544
sensor_26,sensor_41,0.01791506816765118,0.01791506816765118
sensor_30,sensor_39,0.017880913848872342,0.017880913848872342
sensor_03,sensor_32,0.017577225535036784,0.017577225535036784
sensor_04,sensor_31,0.01734697894383912,0.01734697894383912
sensor_29,sensor_51,-0.01683800304837229,0.01683800304837229
sensor_36,sensor_41,0.0164987860069048,0.0164987860069048
sensor_32,sensor_38,0.01593552161846489,0.01593552161846489
sensor_28,sensor_44,-0.015832595378865208,0.015832595378865208
sensor_28,sensor_45,-0.01534742596042421,0.01534742596042421
sensor_10,sensor_27,0.01522766799587507,0.01522766799587507
sensor_18,sensor_41,-0.015167889678555285,0.015167889678555285
sensor_13,sensor_51,0.014823427349715142,0.014823427349715142
sensor_27,sensor_39,-0.014771140814472512,0.014771140814472512
sensor_04,sensor_29,0.014407089252666164,0.014407089252666164
sensor_12,sensor_33,-0.014189221586204842,0.014189221586204842
sensor_17,sensor_41,-0.014132982873163606,0.014132982873163606
sensor_03,sensor_34,0.014101859318318971,0.014101859318318971
sensor_00,sensor_21,0.01377447203757695,0.01377447203757695
sensor_10,sensor_29,-0.01363977654592585,0.01363977654592585
sensor_41,sensor_46,0.013377707754396995,0.013377707754396995
sensor_29,sensor_46,-0.013360126357073555,0.013360126357073555
sensor_34,sensor_42,0.013351262948707688,0.013351262948707688
sensor_27,sensor_51,0.013104227671004796,0.013104227671004796
sensor_34,sensor_41,0.012831313583899807,0.012831313583899807
sensor_29,sensor_48,0.012693069395927464,0.012693069395927464
sensor_00,sensor_20,0.01232170234006653,0.01232170234006653
sensor_23,sensor_42,0.012277793780431923,0.012277793780431923
sensor_22,sensor_38,-0.012030580901830746,0.012030580901830746
sensor_27,sensor_42,-0.011797042262176765,0.011797042262176765
sensor_38,sensor_45,0.011415035982912478,0.011415035982912478
sensor_04,sensor_38,0.011255441374606571,0.011255441374606571
sensor_37,sensor_43,0.010975794550997913,0.010975794550997913
sensor_02,sensor_40,0.010927290186368066,0.010927290186368066
sensor_03,sensor_05,0.010765685739548678,0.010765685739548678
sensor_28,sensor_46,-0.010674726462155077,0.010674726462155077
sensor_04,sensor_44,-0.010432584279187817,0.010432584279187817
sensor_28,sensor_40,-0.009847172387062094,0.009847172387062094
sensor_26,sensor_38,0.00980202870149146,0.00980202870149146
sensor_12,sensor_43,0.009566578512693867,0.009566578512693867
sensor_22,sensor_42,0.009439226496455788,0.009439226496455788
sensor_16,sensor_38,0.009333055226299356,0.009333055226299356
sensor_41,sensor_51,-0.009237593295496156,0.009237593295496156
sensor_01,sensor_12,-0.009212751788783622,0.009212751788783622
sensor_38,sensor_49,-0.009193843514766034,0.009193843514766034
sensor_28,sensor_51,-0.009136535001277826,0.009136535001277826
sensor_09,sensor_28,0.008983376531194237,0.008983376531194237
sensor_00,sensor_14,0.008865197978513336,0.008865197978513336
sensor_08,sensor_41,-0.008568871714338552,0.008568871714338552
sensor_38,sensor_40,0.008562451982169497,0.008562451982169497
sensor_17,sensor_42,0.008557349155236099,0.008557349155236099
sensor_00,sensor_19,0.008515738359438798,0.008515738359438798
sensor_00,sensor_17,0.008435109284419462,0.008435109284419462
sensor_30,sensor_38,0.008311429197750003,0.008311429197750003
sensor_04,sensor_33,0.008274793557991898,0.008274793557991898
sensor_18,sensor_42,0.00812314499189014,0.00812314499189014
sensor_42,sensor_49,0.00798217339259675,0.00798217339259675
sensor_01,sensor_11,0.007759247516292658,0.007759247516292658
sensor_29,sensor_43,0.00728900417593226,0.00728900417593226
sensor_12,sensor_29,-0.007267978364703379,0.007267978364703379
sensor_14,sensor_38,0.0072234573846343434,0.0072234573846343434
sensor_21,sensor_41,0.007169286264567911,0.007169286264567911
sensor_05,sensor_31,-0.006988575725008023,0.006988575725008023
sensor_20,sensor_41,0.006797464874384644,0.006797464874384644
sensor_18,sensor_38,-0.006739926150827047,0.006739926150827047
sensor_21,sensor_38,0.006729923247811054,0.006729923247811054
sensor_00,sensor_16,0.006711845452212051,0.006711845452212051
sensor_25,sensor_41,0.0067090231223899096,0.0067090231223899096
sensor_34,sensor_49,0.00656706330921678,0.00656706330921678
sensor_14,sensor_41,0.006421907839337249,0.006421907839337249
sensor_00,sensor_30,0.005758023152391609,0.005758023152391609
sensor_35,sensor_42,-0.0053962295337636225,0.0053962295337636225
sensor_00,sensor_24,0.005209965235070241,0.005209965235070241
sensor_12,sensor_17,0.004964255246691586,0.004964255246691586
sensor_20,sensor_38,0.0049115814716825185,0.0049115814716825185
sensor_24,sensor_41,-0.0046611859693665905,0.0046611859693665905
sensor_23,sensor_38,0.004620122555699201,0.004620122555699201
sensor_16,sensor_41,0.004494278787511318,0.004494278787511318
sensor_00,sensor_38,-0.004423860845637917,0.004423860845637917
sensor_19,sensor_41,0.004366588335491826,0.004366588335491826
sensor_30,sensor_42,0.004328967415150688,0.004328967415150688
sensor_12,sensor_47,0.00413333258061878,0.00413333258061878
sensor_19,sensor_38,0.0034535649540148377,0.0034535649540148377
sensor_24,sensor_38,-0.0034072521138736756,0.0034072521138736756
sensor_29,sensor_47,-0.0031350513380066975,0.0031350513380066975
sensor_17,sensor_38,-0.002849585288720967,0.002849585288720967
sensor_00,sensor_31,0.002311743652500281,0.002311743652500281
sensor_05,sensor_39,-0.0022547789608423296,0.0022547789608423296
sensor_01,sensor_10,0.0020700604465672167,0.0020700604465672167
sensor_10,sensor_44,0.0014812156443056704,0.0014812156443056704
sensor_29,sensor_49,0.0014519588800914521,0.0014519588800914521
sensor_25,sensor_38,0.0012127985001503198,0.0012127985001503198
sensor_29,sensor_38,0.0007148346160332511,0.0007148346160332511
sensor_13,sensor_28,-0.000538746898721609,0.000538746898721609
sensor_05,sensor_42,0.00027112554007690035,0.00027112554007690035
sensor_31,sensor_51,0.00014873418562579227,0.00014873418562579227
